[{"text":"{{$:/language/Buttons/Newline/Hint}}","title":"$:/config/ShortcutInfo/newline","tags":"","modified":"20161107175414267","created":"20161107175327666"},{"text":"shift+enter","title":"$:/config/shortcuts/newline","tags":"","modified":"20161107134538633","created":"20161107134450649"},{"created":"20161107132423404","creator":"TonGerner","text":"<svg class=\"tgc-newline tc-image-button\" height=\"22pt\" width=\"22pt\" viewBox=\"0 0 640 640\"><path d=\"m529.59,224.01l0,47.01l-164.72,-2l-90.72,0l-0.15,-51.93l-0.22,-51.88l-135.93,77.93l-135.86,77.93l136.08,78.01l136.08,78.01l0,-52.01l0,-52.05l140.65,-0.12c77.29,-0.04 141.59,-0.25 142.75,-0.42c2.25,-0.29 6.46,-0.75 8.35,-0.92c2.03,-0.17 11.97,-1.83 15.24,-2.58c0.58,-0.12 1.45,-0.29 1.89,-0.33c1.89,-0.25 26.81,-11.16 30.65,-12.7c3.85,-1.54 23.09,-28.06 22.38,-50.17c-0.7,-22.11 0.52,0.92 0.74,-58.34l0.29,-82.47l-90.79,0l-17.72,1l1,58.01z\"/>\n","title":"$:/core/images/newline","tags":"$:/tags/Image","modified":"20230827174555060","modifier":"TonGerner"},{"created":"20170410184211945","text":"<$action-sendmessage\n\t$message=\"tm-edit-text-operation\"\n\t$param=\"replace-selection\"\n        text=\"<br>\"\n/>\n","title":"$:/core/ui/EditorToolbar/newline","tags":"$:/tags/EditorToolbar","shortcuts":"((newline))","modifier":"TonGerner","modified":"20170606174817899","icon":"$:/core/images/newline","description":"{{$:/language/Buttons/Newline/Hint}}","creator":"TonGerner","condition":"[<targetTiddler>!has[type]] [<targetTiddler>type[text/vnd.tiddlywiki]]","caption":"{{$:/language/Buttons/Newline/Caption}}"},{"text":"Insert newline","title":"$:/language/Buttons/Newline/Caption","tags":"","modified":"20161107174925377","created":"20161107174804925"},{"text":"Insert a newline","title":"$:/language/Buttons/Newline/Hint","tags":"","modified":"20161107175016783","created":"20161107174943474"},{"created":"20210104195852184","creator":"TonGerner","text":"[[New line button|http://www.tongerner.nl/TW5/TW5_playground.html]] &copy; Ton Gerner &mdash; 2018-2023\n\nMIT License: https://opensource.org/licenses/MIT\n","title":"$:/plugins/tg/newline-button/license","tags":"","modifier":"TonGerner","modified":"20221229153259700"},{"created":"20170519143449489","creator":"TonGerner","text":"\\define icn(icon)\n<button class=\"tc-btn-invisible\"> {{$icon$}}</button>\n\\end\n\nA button (<<icn $:/core/images/newline>>) that adds a newline<br>\nAssigned shortcut: {{$:/config/shortcuts/newline}}","title":"$:/plugins/tg/newline-button/readme","tags":"","modifier":"TonGerner","modified":"20221229153346465"}]