[{"title":"$:/config/xp/quickbar/FrostedGlass","text":"on"},{"text":"show","title":"$:/config/xp/quickbar/HoverPopupButtons/Visibility/$:/xp/quickbar/Buttons/things"},{"title":"$:/config/xp/quickbar/NewButtons/Visibility/$:/xp/quickbar/Buttons/new-markdown","text":"show"},{"text":"show","title":"$:/config/xp/quickbar/PageControlButtons/Visibility/$:/xp/quickbar/Buttons/edit-all"},{"text":"show","title":"$:/config/xp/quickbar/PageControlButtons/Visibility/$:/xp/quickbar/Buttons/leftopentab"},{"text":"show","title":"$:/config/xp/quickbar/PageControlButtons/Visibility/$:/xp/quickbar/Buttons/tag-handler"},{"text":"show","title":"$:/config/xp/quickbar/PageControlButtons/Visibility/$:/xp/quickbar/Buttons/maximize-river"},{"text":"show","title":"$:/config/xp/quickbar/PageControlButtons/Visibility/$:/xp/quickbar/Buttons/view-fields"}]