[{"text":"var ButtonWidget = require(\"$:/core/modules/widgets/button.js\").button;\n\nButtonWidget.prototype.dispatchMessage = function(event) {\n\tthis.dispatchEvent({type: this.message, param: this.param, tiddlerTitle: this.getVariable(\"currentTiddler\"), event: event, navigateFromNode: this});\n};\n\n/*\nInvoke the action widgets that are descendents of the current widget.\n*/\nButtonWidget.prototype.invokeActions = function(triggeringWidget,event) {\nevent.navigateFromNode = this;\n\tvar handled = false;\n\t// For each child widget\n\tfor(var t=0; t<this.children.length; t++) {\n\t\tvar child = this.children[t];\n\t\t// Invoke the child if it is an action widget\n\t\tif(child.invokeAction) {\n\t\t\tchild.refreshSelf();\n\t\t\tif(child.invokeAction(triggeringWidget,event)) {\n\t\t\t\thandled = true;\n\t\t\t}\n\t\t}\n\t\t// Propagate through through the child if it permits it\n\t\tif(child.allowActionPropagation() && child.invokeActions(triggeringWidget,event)) {\n\t\t\thandled = true;\n\t\t}\n\t}\n\treturn handled;\n};","bag":"default","revision":"0","type":"application/javascript","title":"$:/_sq/Stories/CorePatch/ButtonDispatchMessage","tags":"","module-type":"startup","modified":"20200430193633599","created":"20170616103202530"},{"text":"$tw.hooks.addHook(\"th-editing-tiddler\", function(event) {\n\tvar targetTitle = event.tiddlerTitle;\n\tvar stories = $tw.wiki.getTiddlerList('$:/_sq/Stories/StoriesList');\n\tvar draftTitle = $tw.wiki.findDraft(targetTitle);\n\tvar shiftKey = (event && event.event) ? event.event.shiftKey : null;\n\n\t//if !draftTitle, its not open anywhere\n\t//cant be open without existing, but can exist without being opened\n\n\tif(!draftTitle && !shiftKey) {\n\t\treturn true;\n\t}\n\n\tvar node = event.navigateFromNode;\n\tvar thisStory = node.getVariable(\"tv-story-title\");\n\tvar otherStory = (stories[0] == thisStory)? stories[1] : stories[0];\n\tvar otherStoryList = $tw.wiki.getTiddlerList(otherStory);\n\n\tif(otherStoryList.indexOf(draftTitle) > -1) {\n\t\talert(\"This tiddler is already open for editing in the other story\");\n\t\treturn false;\n\t}\n\n\tvar generateDraftTitle = function(title) {\n\t\tvar c = 0,\n\t\tdraftTitle;\n\t\tdo {\n\t\t\tdraftTitle = \"Draft \" + (c ? (c + 1) + \" \" : \"\") + \"of '\" + title + \"'\";\n\t\t\tc++;\n\t\t} while($tw.wiki.tiddlerExists(draftTitle));\n\t\treturn draftTitle;\n\t};\n\t\n\tif(shiftKey) {\n    //open in other story\n\t\tif(!draftTitle) {\n\t\t\tvar tiddler = $tw.wiki.getTiddler(targetTitle);\n\t\t\tdraftTitle = generateDraftTitle(targetTitle);\n\t\t\tvar draftTiddler = new $tw.Tiddler(\n\t\t\t\ttiddler,\n\t\t\t\t{\n\t\t\t\t\ttitle: draftTitle,\n\t\t\t\t\t\"draft.title\": targetTitle,\n\t\t\t\t\t\"draft.of\": targetTitle\n\t\t\t\t},\n\t\t\t\t$tw.wiki.getModificationFields()\n\t\t\t);\n\t\t\t$tw.wiki.addTiddler(draftTiddler);\n\t\t}\n\t\tvar otherStoryTiddler = $tw.wiki.getTiddler(otherStory);\n\t\totherStoryList.splice(0 ,0, draftTitle);\n\t\t$tw.wiki.addTiddler(new $tw.Tiddler(\n\t\t\t{title: otherStory},\n\t\t\totherStoryTiddler,\n\t\t\t{list:otherStoryList}\n\t\t));\n\t\treturn false;\n\t}\n\n\treturn true;\n});\n","bag":"default","revision":"0","type":"application/javascript","title":"$:/_sq/Stories/EditTiddlerHook","tags":"","module-type":"startup","modified":"20200729135111179","created":"20170616091547338"},{"text":"","bag":"default","revision":"0","type":"text/vnd.tiddlywiki","title":"$:/_sq/Stories/HistoriesList","tags":"","modified":"20200414145004336","list":"$:/_sq/Stories/Story2HistoryList $:/HistoryList","created":"20170610091606312"},{"text":"$tw.hooks.addHook('th-navigating', function(event) {\n\t//override core behaviour when shift key was used\n\tif( ((event.event && event.event.shiftKey) || (event.shiftKey && event)) && event.navigateTo) {\n\t\tvar stories = $tw.wiki.getTiddlerList('$:/_sq/Stories/StoriesList');\n\t\tvar node = event.navigateFromNode;\n\t\tvar thisStory = node.getVariable(\"tv-story-list\");\n\t\tvar otherStory = (stories[0] == thisStory)? stories[1] : stories[0];\t\n\t\tvar storyList = $tw.wiki.getTiddlerList(otherStory);\n\t\tvar slot = storyList.indexOf(event.navigateTo);\n\t\t\n\t\tif(slot < 0){\n\t\t\tif($tw.wiki.getTiddlerText(\"$:/config/Navigation/openLinkFromOutsideRiver\") === \"bottom\") {\n\t\t\t\n\t\t\t\tstoryList.splice(storyList.length, 0, event.navigateTo);\n\t\t\t} else {\n\t\t\t\tstoryList.splice(0, 0, event.navigateTo);\n\t\t\t}\n\t\t\tvar storyTiddler =\t$tw.wiki.getTiddler(otherStory);\n\t\t\t$tw.wiki.addTiddler(new $tw.Tiddler(\n\t\t\t\t{title: otherStory},\n\t\t\t\tstoryTiddler,\n\t\t\t\t{list:storyList}\n\t\t\t));\n\t\t}\n\t\tvar histories = $tw.wiki.getTiddlerList('$:/_sq/Stories/HistoriesList');\n\t\tvar thisHistory = node.getVariable(\"tv-history-list\");\n\t\tvar otherHistory = (histories[0] == thisHistory) ? histories[1] : histories[0];\t\t\n\t\t$tw.wiki.addToHistory(event.navigateTo,event.navigateFromClientRect, otherHistory); \n\t\tif($tw.wiki.getTiddlerText(\"$:/config/_sq/Stories/story2\") === \"no\") {\n\t\t\t$tw.wiki.setText(\"$:/config/_sq/Stories/story2\",undefined,undefined,\"yes\",undefined);\n\t\t}\n\t\tevent.navigateTo = false;\n\t}\n\treturn event;\n});","bag":"default","revision":"0","type":"application/javascript","title":"$:/_sq/Stories/LinkKeybindings","tags":"","module-type":"startup","modified":"20200422065240983","created":"20170610071940508"},{"text":"\\define if-fluid-fixed(text,disableText)\n<$reveal state=\"$:/themes/tiddlywiki/vanilla/options/sidebarlayout\" type=\"match\" text=\"fluid-fixed\">\n$text$\n</$reveal>\n<$reveal state=\"$:/themes/tiddlywiki/vanilla/options/sidebarlayout\" type=\"nomatch\" text=\"fluid-fixed\">\n$disableText$\n</$reveal>\n\\end\n\n\\define if-two-stories(twoStoryCommon, twoStorySidebar twoStoryNoSidebar, oneStoryText)\n<$reveal default=\"yes\" type=\"match\" text={{{[{$:/_sq/Stories/Story2StoryList!!list}length[]match[0]then[no]] ~[{$:/config/_sq/Stories/story2}]}}}>\n$twoStoryCommon$\n<$reveal state=\"$:/state/sidebar\" type=\"match\" text=\"yes\" default=\"yes\">\n$twoStorySidebar$\n</$reveal>\n<$reveal state=\"$:/state/sidebar\" type=\"nomatch\" text=\"yes\" default=\"yes\">\n$twoStoryNoSidebar$\n</$reveal>\n</$reveal>\n<$reveal default=\"yes\" type=\"nomatch\" text={{{[{$:/_sq/Stories/Story2StoryList!!list}length[]match[0]then[no]] ~[{$:/config/_sq/Stories/story2}]}}}>\n$oneStoryText$\n</$reveal>\n\\end\n\n\n<pre>\n\n.tc-page-container.tc-page-view-zoomin .tc-storyview-zoomin-tiddler {\n\twidth: 100%;\n\tposition: relative;\n}\n\n.tc-btn-storytwotoggle {\n\tpadding:0px;\n}\n\n.tc-btn-storytwotoggle img {\n\twidth: 30px;\n\theight: 30px;\n}\n\n.tc-sidebar-lists .tc-btn-storytwotoggle-bars {\n\tfont-size: 1.5em;\n}\n\n.tc-sidebar-lists .tc-btn-storytwotoggle-bars svg {\n\tfill: #aaa;\n}\n\n.tc-story-river .sq-button-divert-left{\n\tdisplay: none;\n}\n\n.sq-story-rivertwo-scrollable::-webkit-scrollbar{width:10px}\n\n.sq-story-rivertwo-scrollable::-webkit-scrollbar-thumb{background:#a5a5a5;border-radius:10px}\n\n.sq-story-rivertwo-scrollable::-webkit-scrollbar-thumb:hover{background:#6f6f6f}\n\n.sq-story-rivertwo-scrollable::-webkit-scrollbar-thumb:active{background:#333}\n\n\t.tc-sidebar-tab-open.sq-sidebar-open .tc-btn-invisible.tc-btn-mini {\n\t\tpadding: 0 0.2em;\n\t}\n\n\t.tc-sidebar-tab-open.sq-sidebar-open .tc-sidebar-tab-open-item {\n\t\tpadding: 0.1em;\n\t}\n\t\n\thtml body.tc-body .tc-sidebar-tab-open.sq-sidebar-open a.tc-tiddlylink {\n\t\tfont-weight: 400;\n\t}\n\n.tc-sidebar-tab-open.sq-sidebar-open a.tc-tiddlylink {\n\tcolor:<<color very-muted-foreground>>;\n}\n\n.tc-sidebar-tab-open.sq-sidebar-open a.tc-tiddlylink:hover {\n\tcolor: <<color sidebar-tiddler-link-foreground-hover>>;\n}\n\n<<if-two-stories twoStoryCommon:\"\"\"\n@media (min-width: {{$:/_sq/Stories/config/twostorybreakpoint}}) {\n.sq-story-rivertwo-scrollable {\n\tposition: fixed;\n\ttop: calc(1em + {{$:/themes/tiddlywiki/vanilla/metrics/storytop}});\n\tbottom: 0;\n}\n\n.tc-story-river.sq-story-rivertwo .tc-tiddler-frame {\n\tmargin-right: 1em !important;\n\tmargin-left: 0;\n\tfont-size: {{$:/config/sq/Stories/story2/fontsize-title}}px;\n}\n\n.tc-story-river.sq-story-rivertwo .tc-tiddler-frame .tc-tiddler-body {\n\tfont-size: {{$:/config/sq/Stories/story2/fontsize-body}}px;\n}\n\n.tc-story-river {\n\tfloat: left;\n\tmargin-right: 0;\n\tpadding-right: 0em;\n\tpadding-top: 0em;\n}\n\nbody .tc-story-river {\n\tpadding: 0 1.5em 1em 0em !important;\n\tmin-height: 500px; /** so story 2 doesnt collapse to left when no tiddler in story 1***/ \n}\n\nbody .tc-story-river.tc-storytwo-river { padding-right:0em !important; }\n\nbody section.story-backdrop p:nth-child(1) {\n\tmargin:0;\n\tpadding:0;\n}\n\n.tc-story-river .sq-button-divert-right{\n\tdisplay:inline-block;\n}\n\n.tc-story-river .sq-button-divert-left{\n\tdisplay: none;\n}\n\n.tc-story-river.sq-story-rivertwo .sq-button-divert-left{\n\tdisplay:inline-block;\n}\n\n.tc-story-river.sq-story-rivertwo .sq-button-divert-right{\n\tdisplay: none;\n}\n\n.sq-storydropzone {\n\tpadding: 0.5em;\n\tborder:1px solid #bbb;\n\tcolor: #ccc;\n\ttext-align: center;\n\tposition: relative;\n\twidth: calc(100% - 45px);\n\t-moz-box-shadow:    inset 0 0 10px #ccc;\n\t-webkit-box-shadow: inset 0 0 10px #ccc;\n\tbox-shadow:         inset 0 0 10px #ccc;\n\tmargin-bottom: 1em;\n}\n\n.sq-storydropzone-newtiddlerbutton {\n\twidth: 40px;\n\tfloat: right;\n\tpadding: 0.2em 0.5em 0.5em 0.5em;\n\tmargin-top: 0em;\n\tmargin-right: 0.2em;\n}\n\n.tc-tiddler-frame {\n\tpadding-right:28px;\n}\n\n}\n\"\"\" twoStorySidebar:\"\"\"\n\n@media (min-width: {{$:/_sq/Stories/config/twostorybreakpoint}}) {\n.tc-story-river {\n\twidth: calc((100% - {{$:/themes/tiddlywiki/vanilla/metrics/storyleft}} - {{$:/themes/tiddlywiki/vanilla/metrics/sidebarwidth}} + 14px)*{{$:/config/sq/Stories/storyRiverRatio}}/100);\n}\n\n.sq-storydropzone {\n\tpadding: 0.5em;\n\tborder:1px solid #bbb;\n\tcolor: #ccc;\n\ttext-align: center;\n}\n\n.sq-story-rivertwo-scrollable, .sq-story-rivertwo {\n\twidth: calc((100% -  {{$:/themes/tiddlywiki/vanilla/metrics/storyleft}} - {{$:/themes/tiddlywiki/vanilla/metrics/sidebarwidth}} + 14px)*(100 - {{$:/config/sq/Stories/storyRiverRatio}})/100);\n}\n}\n\n.tc-sidebar-scrollable {\n\twidth: calc({{$:/themes/tiddlywiki/vanilla/metrics/sidebarwidth}} - 14px);\n\tpadding-left: 28px;\n}\n\n@media (min-width: {{$:/_sq/Stories/config/twostorybreakpoint}}) and (max-width: {{$:/_sq/Stories/config/sidebaroverlaybreakpoint}}) {\n\t\n\t.tc-story-river {\n\t\twidth: calc((100% - 1em)*{{$:/config/sq/Stories/storyRiverRatio}}/100);\n\t}\n\n\t.sq-story-rivertwo {\n\t\twidth: calc((100% -  1em)*(100 - {{$:/config/sq/Stories/storyRiverRatio}})/100);\n\t}\n\t\n\n\t.sq-story-rivertwo-scrollable {\n\t\twidth: calc((100% -  0.5em)*(100 - {{$:/config/sq/Stories/storyRiverRatio}})/100);\n\t}\n\n\t.tc-sidebar-scrollable {\n\t\tz-index:999;\n\t\tbackground:#eee;\n\t\tborder-left: 1px solid #ddd;\n\t}\n\n}\n\n\"\"\" twoStoryNoSidebar:\"\"\"\n\n.tc-story-river.sq-story-rivertwo {\n\tpadding-right: 0.5em;\n}\n\n@media (min-width: {{$:/_sq/Stories/config/twostorybreakpoint}}) {\n.tc-story-river {\n\twidth: calc((100% - 1em)*{{$:/config/sq/Stories/storyRiverRatio}}/100);\n}\n\n.sq-story-rivertwo {\n\twidth: calc((100% -  1em)*(100 - {{$:/config/sq/Stories/storyRiverRatio}})/100);\n}\n}\n\n.sq-story-rivertwo-scrollable {\n\twidth: calc((100% -  0.5em)*(100 - {{$:/config/sq/Stories/storyRiverRatio}})/100);\n}\n\n\n\n\n}\n\n@media (min-width: {{$:/_sq/Stories/config/twostorybreakpoint}}) and (max-width: {{$:/_sq/Stories/config/sidebaroverlaybreakpoint}}) {\n\t.tc-sidebar-scrollable {\n\t\tdisplay:none;\n\t}\n}\n\n\"\"\" oneStoryText: \"\"\"\n.sq-twostoriesonly {\n\tdisplay: none;\n}\n\n.tc-story-river {\n\tpadding-top: 15px;\n}\n\n\"\"\"\n>>\n\n@media (max-width: {{$:/_sq/Stories/config/twostorybreakpoint}}) {\n\t.sq-twostoriesonly {\n\t\tdisplay: none;\n\t}\n\n\t.tc-btn-storytwotoggle {\n\t\tdisplay: none;\n\t}\n\n\t.sq-stories-disabled {\n\t\tdisplay: none;\n\t}\n\n<<if-two-stories twoStoryCommon:\"\"\"\n\n\t.tc-storytwo-river {\n\t\tdisplay: none;\n\t}\n\n\t.tc-story-river {\n\t\twidth: auto;\n\t\tpadding-top: 15px;\n\t}\n\n\t.tc-story-river .sq-button-divert {\n\t\tdisplay: none;\n\t}\n\n\n\t.sq-story-rivertwo-scrollable {\n\t\tdisplay:none;\n\t}\n\n\n\"\"\" twoStorySidebar:\"\"\"\n\t.tc-story-river {\n\t\tmargin-right: {{$:/themes/tiddlywiki/vanilla/metrics/sidebarwidth}};\n\t}\n\n\t.tc-sidebar-scrollable {\n\t\tborder-left: 0;\n\t\tz-index: inherit;\n\t\tbackground: transparent;\n\t}\n\"\"\" twoStoryNoSidebar: \"\"\"\n\t.tc-story-river {\n\t\tpadding-right: 2em;\n\t}\n\"\"\"\n\n>>\n}\n\n@media (max-width: {{$:/themes/tiddlywiki/vanilla/metrics/sidebarbreakpoint}}) {\n.tc-story-river {\nmargin-right: 0;\n}\n}\n\n\n</pre>\n","bag":"default","revision":"0","type":"text/vnd.tiddlywiki","title":"$:/_sq/Stories/Stories.css","tags":"$:/tags/Stylesheet","modified":"20200731105030883","created":"20170608102837192"},{"text":"","bag":"default","revision":"0","type":"text/vnd.tiddlywiki","title":"$:/_sq/Stories/StoriesList","tags":"","modified":"20200414145004320","list":"$:/_sq/Stories/Story2StoryList $:/StoryList","created":"20170610072420739"},{"created":"20200425131030296","text":"[\n    {\n        \"title\": \"$:/config/Tiddlers/TitleLinks\",\n        \"fromPageRect\": {\n            \"top\": 249.296875,\n            \"left\": 1230,\n            \"width\": 183.515625,\n            \"right\": 1413.515625,\n            \"bottom\": 269.296875,\n            \"height\": 20\n        }\n    },\n    {\n        \"title\": \"$:/_sq/Stories/divertTiddlerMacro\",\n        \"fromPageRect\": {\n            \"top\": 623.296875,\n            \"left\": 1230,\n            \"width\": 220.390625,\n            \"right\": 1450.390625,\n            \"bottom\": 643.296875,\n            \"height\": 20\n        }\n    },\n    {\n        \"title\": \"Draft of '$:/_sq/Stories/divertTiddlerMacro'\"\n    },\n    {\n        \"title\": \"$:/_sq/Stories/divertTiddlerMacro\"\n    },\n    {\n        \"title\": \"Draft of '$:/_sq/Stories/divertTiddlerMacro'\"\n    },\n    {\n        \"title\": \"$:/_sq/Stories/divertTiddlerMacro\"\n    },\n    {\n        \"title\": \"$:/_sq/Stories/divertTiddlerEditMacro\",\n        \"fromPageRect\": {\n            \"top\": 319.296875,\n            \"left\": 1230,\n            \"width\": 245.53125,\n            \"right\": 1475.53125,\n            \"bottom\": 339.296875,\n            \"height\": 20\n        }\n    },\n    {\n        \"title\": \"Draft of '$:/_sq/Stories/divertTiddlerEditMacro'\"\n    },\n    {\n        \"title\": \"$:/_sq/Stories/divertTiddlerEditMacro\"\n    },\n    {\n        \"title\": \"$:/_sq/Stories/Templates/StoryToggleMenu\",\n        \"fromPageRect\": {\n            \"top\": 537.296875,\n            \"left\": 1230,\n            \"width\": 283.546875,\n            \"right\": 1513.546875,\n            \"bottom\": 557.296875,\n            \"height\": 20\n        }\n    },\n    {\n        \"title\": \"$:/_sq/Stories/Templates/StoryTogglePageControl\",\n        \"fromPageRect\": {\n            \"top\": 297.296875,\n            \"left\": 1230,\n            \"width\": 326.734375,\n            \"right\": 1556.734375,\n            \"bottom\": 317.296875,\n            \"height\": 20\n        }\n    },\n    {\n        \"title\": \"Draft of '$:/_sq/Stories/Templates/StoryTogglePageControl'\"\n    },\n    {\n        \"title\": \"$:/_sq/Stories/Templates/StoryTogglePageControl\"\n    },\n    {\n        \"title\": \"Draft of '$:/_sq/Stories/Templates/StoryTogglePageControl'\"\n    },\n    {\n        \"title\": \"$:/_sq/Stories/Templates/StoryTogglePageControl\"\n    },\n    {\n        \"title\": \"Draft of '$:/_sq/Stories/Templates/StoryTogglePageControl'\"\n    },\n    {\n        \"title\": \"$:/_sq/Stories/Templates/StoryTogglePageControl\"\n    },\n    {\n        \"title\": \"Draft of '$:/_sq/Stories/Templates/StoryToggleMenu'\"\n    },\n    {\n        \"title\": \"$:/_sq/Stories/Templates/StoryToggleMenu\"\n    },\n    {\n        \"title\": \"Draft of '$:/_sq/Stories/Templates/StoryToggleMenu'\"\n    },\n    {\n        \"title\": \"$:/_sq/Stories/Templates/StoryToggleMenu\"\n    },\n    {\n        \"title\": \"Draft of '$:/_sq/Stories/divertTiddlerEditMacro'\"\n    },\n    {\n        \"title\": \"$:/_sq/Stories/divertTiddlerEditMacro\"\n    },\n    {\n        \"title\": \"Draft of '$:/_sq/Stories/Templates/StoryTogglePageControl'\"\n    },\n    {\n        \"title\": \"$:/_sq/Stories/Templates/StoryTogglePageControl\"\n    },\n    {\n        \"title\": \"Draft of '$:/_sq/Stories/Templates/StoryTogglePageControl'\"\n    },\n    {\n        \"title\": \"$:/_sq/Stories/Templates/StoryTogglePageControl\"\n    },\n    {\n        \"title\": \"Draft of '$:/_sq/Stories/Templates/StoryTogglePageControl'\"\n    },\n    {\n        \"title\": \"$:/_sq/Stories/Templates/StoryTogglePageControl\"\n    },\n    {\n        \"title\": \"Draft of '$:/_sq/Stories/Templates/StoryToggleMenu'\"\n    },\n    {\n        \"title\": \"$:/_sq/Stories/Templates/StoryToggleMenu\"\n    },\n    {\n        \"title\": \"Draft of '$:/_sq/Stories/Templates/StoryToggleMenu'\"\n    },\n    {\n        \"title\": \"$:/_sq/Stories/Templates/StoryToggleMenu\"\n    },\n    {\n        \"title\": \"Draft of '$:/_sq/Stories/Templates/StoryTogglePageControl'\"\n    },\n    {\n        \"title\": \"$:/_sq/Stories/Templates/StoryTogglePageControl\"\n    },\n    {\n        \"title\": \"Draft of '$:/_sq/Stories/divertTiddlerEditMacro'\"\n    },\n    {\n        \"title\": \"$:/_sq/Stories/divertTiddlerEditMacro\"\n    },\n    {\n        \"title\": \"$:/core/ui/SideBar/Open\",\n        \"fromPageRect\": {\n            \"top\": 337.296875,\n            \"left\": 1230,\n            \"width\": 161.8125,\n            \"right\": 1391.8125,\n            \"bottom\": 357.296875,\n            \"height\": 20\n        }\n    },\n    {\n        \"title\": \"Draft of '$:/core/ui/SideBar/Open'\"\n    },\n    {\n        \"title\": \"$:/core/ui/SideBar/Open\"\n    },\n    {\n        \"title\": \"Draft of '$:/_sq/Stories/divertTiddlerEditMacro'\"\n    },\n    {\n        \"title\": \"$:/_sq/Stories/divertTiddlerEditMacro\"\n    },\n    {\n        \"title\": \"Draft of '$:/_sq/Stories/divertTiddlerEditMacro'\"\n    },\n    {\n        \"title\": \"$:/_sq/Stories/divertTiddlerEditMacro\"\n    },\n    {\n        \"title\": \"TiddlyBlink\"\n    },\n    {\n        \"title\": \"Stories-overview\",\n        \"fromPageRect\": {\n            \"top\": 1035.921875,\n            \"left\": 1190,\n            \"width\": 101.6875,\n            \"right\": 1291.6875,\n            \"bottom\": 1054.921875,\n            \"height\": 19\n        }\n    },\n    {\n        \"title\": \"$:/.giffmex/Customize.TiddlyBlink\",\n        \"fromPageRect\": {\n            \"top\": 735.625,\n            \"left\": 107.5,\n            \"width\": 145.171875,\n            \"right\": 252.671875,\n            \"bottom\": 755.625,\n            \"height\": 20\n        }\n    },\n    {\n        \"title\": \"$:/.giffmex/meta/hack.tiddlyblink\",\n        \"fromPageRect\": {\n            \"top\": 757.625,\n            \"left\": 107.5,\n            \"width\": 129.59375,\n            \"right\": 237.09375,\n            \"bottom\": 777.625,\n            \"height\": 20\n        }\n    },\n    {\n        \"title\": \"TiddlyBlink\",\n        \"fromPageRect\": {\n            \"top\": 161.296875,\n            \"left\": 221.953125,\n            \"width\": 71.859375,\n            \"right\": 293.8125,\n            \"bottom\": 181.296875,\n            \"height\": 20\n        }\n    },\n    {\n        \"title\": \"TiddlyBlink\",\n        \"fromPageRect\": {\n            \"top\": 161.296875,\n            \"left\": 221.953125,\n            \"width\": 71.859375,\n            \"right\": 293.8125,\n            \"bottom\": 181.296875,\n            \"height\": 20\n        }\n    },\n    {\n        \"title\": \"Stories-overview\",\n        \"fromPageRect\": {}\n    },\n    {\n        \"title\": \"Draft of 'Stories-overview'\"\n    },\n    {\n        \"title\": \"Stories-overview\"\n    },\n    {\n        \"title\": \"Draft of 'Stories-overview'\"\n    },\n    {\n        \"title\": \"Stories-overview\"\n    },\n    {\n        \"title\": \"Draft of 'Stories'\"\n    },\n    {\n        \"title\": \"Plugin maker\",\n        \"fromPageRect\": {\n            \"top\": 481.34375,\n            \"left\": 2259,\n            \"width\": 80.890625,\n            \"right\": 2339.890625,\n            \"bottom\": 500.34375,\n            \"height\": 19\n        }\n    },\n    {\n        \"title\": \"Draft of 'Plugin maker'\"\n    },\n    {\n        \"title\": \"Plugin maker\"\n    },\n    {\n        \"title\": \"Stories\",\n        \"fromPageRect\": {\n            \"top\": 296.84375,\n            \"left\": 2259,\n            \"width\": 41.453125,\n            \"right\": 2300.453125,\n            \"bottom\": 315.84375,\n            \"height\": 19\n        }\n    },\n    {\n        \"title\": \"Plugin maker\",\n        \"fromPageRect\": {\n            \"top\": 501.34375,\n            \"left\": 2259,\n            \"width\": 80.890625,\n            \"right\": 2339.890625,\n            \"bottom\": 520.34375,\n            \"height\": 19\n        }\n    },\n    {\n        \"title\": \"Draft of 'Plugin maker'\"\n    },\n    {\n        \"title\": \"Plugin maker\"\n    },\n    {\n        \"title\": \"Draft of 'Stories'\"\n    },\n    {\n        \"title\": \"Stories\"\n    },\n    {\n        \"title\": \"$:/_sq/Stories/config/Settings\",\n        \"fromPageRect\": {\n            \"top\": 360.171875,\n            \"left\": 1245,\n            \"width\": 182.21875,\n            \"right\": 1427.21875,\n            \"bottom\": 379.171875,\n            \"height\": 19\n        }\n    },\n    {\n        \"title\": \"Draft of '$:/_sq/Stories/config/Settings'\"\n    },\n    {\n        \"title\": \"$:/_sq/Stories/config/Settings\"\n    },\n    {\n        \"title\": \"$:/_sq/Stories/config/Settings\",\n        \"fromPageRect\": {\n            \"top\": 360.171875,\n            \"left\": 1245,\n            \"width\": 182.21875,\n            \"right\": 1427.21875,\n            \"bottom\": 379.171875,\n            \"height\": 19\n        }\n    },\n    {\n        \"title\": \"Draft of '$:/_sq/Stories/config/Settings'\"\n    },\n    {\n        \"title\": \"$:/_sq/Stories/config/Settings\"\n    },\n    {\n        \"title\": \"Draft of 'Stories'\"\n    },\n    {\n        \"title\": \"Stories\"\n    },\n    {\n        \"title\": \"Draft of 'Stories'\"\n    },\n    {\n        \"title\": \"Stories\"\n    },\n    {\n        \"title\": \"Draft of 'Stories'\"\n    },\n    {\n        \"title\": \"$:/plugins/sq/Stories\",\n        \"fromPageRect\": {\n            \"top\": 463.734375,\n            \"left\": 2321.1875,\n            \"width\": 476.734375,\n            \"right\": 2797.921875,\n            \"bottom\": 482.734375,\n            \"height\": 19\n        }\n    },\n    {\n        \"title\": \"Draft of 'Pack stories to plugin'\"\n    },\n    {\n        \"title\": \"Pack stories to plugin\"\n    },\n    {\n        \"title\": \"Stories-overview\"\n    },\n    {\n        \"title\": \"Draft of 'Stories changelog'\"\n    },\n    {\n        \"title\": \"Stories changelog\"\n    },\n    {\n        \"title\": \"$:/plugins/sq/Stories\",\n        \"fromPageRect\": {\n            \"top\": 573.203125,\n            \"left\": 2255.625,\n            \"width\": 127.640625,\n            \"right\": 2383.265625,\n            \"bottom\": 592.203125,\n            \"height\": 19\n        }\n    },\n    {\n        \"title\": \"$:/_sq/Stories/widgets/action-addtohistory\",\n        \"fromPageRect\": {\n            \"top\": 1023.453125,\n            \"left\": 1194.5,\n            \"width\": 263.703125,\n            \"right\": 1458.203125,\n            \"bottom\": 1042.453125,\n            \"height\": 19\n        }\n    },\n    {\n        \"title\": \"Draft of 'Pack stories to plugin'\"\n    },\n    {\n        \"title\": \"Pack stories to plugin\"\n    },\n    {\n        \"title\": \"$:/_sq/Stories/widgets/action-addtohistory\",\n        \"fromPageRect\": {\n            \"top\": 653.453125,\n            \"left\": 1194.5,\n            \"width\": 263.703125,\n            \"right\": 1458.203125,\n            \"bottom\": 672.453125,\n            \"height\": 19\n        }\n    },\n    {\n        \"title\": \"Draft of '$:/plugins/sq/Stories'\"\n    },\n    {\n        \"title\": \"Draft of 'Stories changelog'\"\n    },\n    {\n        \"title\": \"Stories_changelog\"\n    },\n    {\n        \"title\": \"Draft of 'Stories_changelog'\"\n    },\n    {\n        \"title\": \"$:/_sq/Stories/changelog\"\n    },\n    {\n        \"title\": \"Draft of '$:/_sq/Stories/changelog'\"\n    },\n    {\n        \"title\": \"$:/plugins/sq/Stories/changelog\"\n    },\n    {\n        \"title\": \"Draft of 'Pack stories to plugin'\"\n    },\n    {\n        \"title\": \"Pack stories to plugin\"\n    },\n    {\n        \"title\": \"Draft of 'Pack stories to plugin'\"\n    },\n    {\n        \"title\": \"Pack stories to plugin\"\n    },\n    {\n        \"title\": \"Draft of '$:/plugins/sq/Stories/changelog'\"\n    },\n    {\n        \"title\": \"$:/plugins/sq/Stories/changelog\"\n    },\n    {\n        \"title\": \"Draft of '$:/plugins/sq/Stories/changelog'\"\n    },\n    {\n        \"title\": \"$:/plugins/sq/Stories/changelog\"\n    },\n    {\n        \"title\": \"Draft of '$:/plugins/sq/Stories/changelog'\"\n    },\n    {\n        \"title\": \"$:/plugins/sq/Stories/changelog\"\n    },\n    {\n        \"title\": \"Draft of '$:/plugins/sq/Stories/changelog'\"\n    },\n    {\n        \"title\": \"$:/plugins/sq/Stories/changelog\"\n    },\n    {\n        \"title\": \"Draft of '$:/plugins/sq/Stories/changelog'\"\n    },\n    {\n        \"title\": \"$:/plugins/sq/Stories/changelog\"\n    },\n    {\n        \"title\": \"Draft of '$:/plugins/sq/Stories/changelog'\"\n    },\n    {\n        \"title\": \"$:/plugins/sq/Stories/changelog\"\n    },\n    {\n        \"title\": \"Draft of 'Pack stories to plugin'\"\n    },\n    {\n        \"title\": \"Pack stories to plugin\"\n    },\n    {\n        \"title\": \"Draft of '$:/plugins/sq/Stories/changelog'\"\n    },\n    {\n        \"title\": \"$:/plugins/sq/Stories/changelog\"\n    },\n    {\n        \"title\": \"$:/config/_sq/Stories/story2/EditTemplate\",\n        \"fromPageRect\": {\n            \"top\": 242.78125,\n            \"left\": 1226.5,\n            \"width\": 273.875,\n            \"right\": 1500.375,\n            \"bottom\": 262.78125,\n            \"height\": 20\n        }\n    },\n    {\n        \"title\": \"Draft of '$:/plugins/sq/Stories/changelog'\"\n    },\n    {\n        \"title\": \"$:/plugins/sq/Stories/changelog\"\n    },\n    {\n        \"title\": \"Draft of '$:/plugins/sq/Stories/changelog'\"\n    },\n    {\n        \"title\": \"$:/plugins/sq/Stories/changelog\"\n    },\n    {\n        \"title\": \"Draft of 'Pack stories to plugin'\"\n    },\n    {\n        \"title\": \"Pack stories to plugin\"\n    },\n    {\n        \"title\": \"Draft of 'Pack stories to plugin'\"\n    },\n    {\n        \"title\": \"Pack stories to plugin\"\n    },\n    {\n        \"title\": \"$:/config/sq/Stories/story2/EditTemplate\",\n        \"fromPageRect\": {\n            \"top\": 242.78125,\n            \"left\": 1226.5,\n            \"width\": 267.65625,\n            \"right\": 1494.15625,\n            \"bottom\": 262.78125,\n            \"height\": 20\n        }\n    },\n    {\n        \"title\": \"Draft of '$:/plugins/sq/Stories/changelog'\"\n    },\n    {\n        \"title\": \"$:/plugins/sq/Stories/changelog\"\n    },\n    {\n        \"title\": \"Draft of '$:/plugins/sq/Stories/changelog'\"\n    },\n    {\n        \"title\": \"$:/plugins/sq/Stories/changelog\"\n    },\n    {\n        \"title\": \"Draft of '$:/plugins/sq/Stories/changelog'\"\n    },\n    {\n        \"title\": \"$:/plugins/sq/Stories/changelog\"\n    },\n    {\n        \"title\": \"Draft of '$:/plugins/sq/Stories/changelog'\"\n    },\n    {\n        \"title\": \"$:/plugins/sq/Stories/changelog\"\n    },\n    {\n        \"title\": \"Draft of '$:/plugins/sq/Stories/changelog'\"\n    },\n    {\n        \"title\": \"$:/plugins/sq/Stories/changelog\"\n    },\n    {\n        \"title\": \"Draft of '$:/plugins/sq/Stories/changelog'\"\n    },\n    {\n        \"title\": \"$:/plugins/sq/Stories/changelog\"\n    },\n    {\n        \"title\": \"$:/config/sq/Stories/storyRiverRatio\",\n        \"fromPageRect\": {\n            \"top\": 330.78125,\n            \"left\": 1302.75,\n            \"width\": 235.375,\n            \"right\": 1538.125,\n            \"bottom\": 350.78125,\n            \"height\": 20\n        }\n    },\n    {\n        \"title\": \"$:/config/sq/Stories/story2-fontsize\",\n        \"fromPageRect\": {\n            \"top\": 220.78125,\n            \"left\": 1522.875,\n            \"width\": 234.171875,\n            \"right\": 1757.046875,\n            \"bottom\": 240.78125,\n            \"height\": 20\n        }\n    },\n    {\n        \"title\": \"Draft of '$:/config/sq/Stories/story2-fontsize'\"\n    },\n    {\n        \"title\": \"$:/config/sq/Stories/story2/fontsize-title\"\n    },\n    {\n        \"title\": \"Draft of '$:/plugins/sq/Stories/changelog'\"\n    },\n    {\n        \"title\": \"$:/plugins/sq/Stories/changelog\"\n    },\n    {\n        \"title\": \"Draft of '$:/plugins/sq/Stories/changelog'\"\n    },\n    {\n        \"title\": \"$:/plugins/sq/Stories/changelog\"\n    },\n    {\n        \"title\": \"Draft of '$:/plugins/sq/Stories/changelog'\"\n    },\n    {\n        \"title\": \"$:/plugins/sq/Stories/changelog\"\n    },\n    {\n        \"title\": \"Draft of '$:/plugins/sq/Stories/changelog'\"\n    },\n    {\n        \"title\": \"$:/plugins/sq/Stories/changelog\"\n    }\n]","type":"application/json","current-tiddler":"$:/plugins/sq/Stories/changelog","modified":"20200806034532118","title":"$:/_sq/Stories/Story2HistoryList","revision":"0","bag":"default"},{"title":"$:/_sq/Stories/Story2StoryList","created":"20170615140314952","type":"text/vnd.tiddlywiki","text":"","bag":"default","list":"","modified":"20220329155925016","revision":"8","tags":"$:/giffmex/stroll"},{"text":"\\define drop-actions()\n<$action-listops $tiddler=<<otherStoryList>> $subfilter=\"+[remove<actionTiddler>]\"/> \n<$action-navigate $to=<<actionTiddler>>/>\n\\end\n<$reveal state=\"$:/_sq/Stories/config/showRiverDropZones\" text=\"enable\" type=\"match\" default=\"disable\">\n<div class=\"sq-storydropzone-container sq-twostoriesonly\">\n\t<div class=\"sq-storydropzone-newtiddlerbutton  tc-page-controls\">\n\t\t<$transclude tiddler=\"$:/core/ui/Buttons/new-tiddler\"/>\n\t</div>\n\t<div style=\"position: relative; \" class=\"sq-storydropzone sq-twostoriesonly\">\n\t\t<$set name=\"otherStoryList\"  filter=\"[enlist{$:/_sq/Stories/StoriesList!!list}] -[<tv-story-list>]\" select=\"0\">\n\t\t<$droppable actions=<<drop-actions>>>\n\t\t\t<div class=\"tc-droppable-placeholder\">\n\t\t\t&nbsp;\n\t\t\t</div>\n\t\t\t<div>\n\t\t\t\tDrop link here to open\n\t\t\t</div>\n\t\t</$droppable>\n\t\t</$set>\n\t</div>\n</div>\n</$reveal>","bag":"default","revision":"0","type":"text/vnd.tiddlywiki","title":"$:/_sq/Stories/Templates/RiverDropZone","tags":"$:/tags/AboveStory","modified":"20200523213430940","list-before":"$:/core/ui/PageTemplate/story","created":"20170609191118712"},{"text":"\\whitespace trim\n<$reveal state=\"$:/config/_sq/Stories/story2\" type=\"match\" text=\"yes\" default=\"no\" retain=\"yes\" animate=\"no\" tag=\"section\" class=\"tc-story-river tc-storytwo-river sq-story-rivertwo\">\n\n<$navigator story=\"$:/_sq/Stories/Story2StoryList\" history=\"$:/_sq/Stories/Story2HistoryList\" openLinkFromInsideRiver={{$:/config/Navigation/openLinkFromInsideRiver}} openLinkFromOutsideRiver={{$:/config/Navigation/openLinkFromOutsideRiver}} relinkOnRename={{$:/config/RelinkOnRename}}>\n<$scrollable class=\"sq-story-rivertwo-scrollable\"  fallthrough=\"no\">\n<section class=\"story-backdrop\">\n\n<$list filter=\"[all[shadows+tiddlers]tag[$:/tags/AboveStory]!has[draft.of]]\">\n\n<$transclude/>\n\n</$list>\n\n</section>\n\n<$list filter=\"[list[$:/_sq/Stories/Story2StoryList]]\" history=\"$:/_sq/Stories/Story2HistoryList\" template={{{[[$:/config/sq/Stories/story2/ViewTemplate]get[text]!is[blank]] ~[[$:/config/ui/ViewTemplate]get[text]]}}} editTemplate={{{[[$:/config/sq/Stories/story2/EditTemplate]get[text]!is[blank]] ~[[$:/config/ui/EditTemplate]get[text]]}}}  storyview={{$:/_sq/Stories/config/Story2-storyview}}>\n\n<div>\n<$transclude/>\n</div>\n\n</$list>\n\n<section class=\"story-frontdrop\">\n\n<$list filter=\"[all[shadows+tiddlers]tag[$:/tags/BelowStory]!has[draft.of]]\">\n\n<$transclude/>\n\n</$list>\n\n</section>\n\n</$scrollable>\n</$navigator>\n\n</$reveal>","bag":"default","revision":"0","type":"text/vnd.tiddlywiki","title":"$:/_sq/Stories/Templates/Story2Template","tags":"$:/tags/PageTemplate","modified":"20200730045003939","list-after":"$:/core/ui/PageTemplate/story","created":"20170608171610013"},{"text":"<div class=\"sq-twostoriesonly\">\n<$reveal state=\"$:/config/_sq/Stories/story2\" type=\"nomatch\" text=\"no\" default=\"no\">\n<$button set=\"$:/config/_sq/Stories/story2\" setTo=\"no\" tooltip=\"Hide right column\" aria-label=\"\" class=\"tc-btn-invisible tc-btn-storytwotoggle\">{{$:/_sq/Stories/icons/bars-empty.svg}} </$button> Hide right column\n</$reveal>\n</div>\n<$reveal state=\"$:/config/_sq/Stories/story2\" type=\"match\" text=\"no\" default=\"no\">\n<$button set=\"$:/config/_sq/Stories/story2\" setTo=\"yes\" tooltip=\"Show right column\" aria-label=\"\" class=\"tc-btn-invisible tc-btn-storytwotoggle tc-btn-storytwotoggle-bars\">{{$:/_sq/Stories/icons/bars.svg}}</$button>  <span class=\"sq-stories-disabled\">Show right column</span>\n</$reveal>\n","bag":"default","revision":"0","type":"text/vnd.tiddlywiki","title":"$:/_sq/Stories/Templates/StoryToggleMenu","modified":"20200425133224298","created":"20170608172531552"},{"text":"<span class=\"sq-twostoriesonly\">\n\t<$reveal state=\"$:/config/_sq/Stories/story2\" type=\"nomatch\" text=\"no\" default=\"no\">\n\t\t<$button set=\"$:/config/_sq/Stories/story2\" setTo=\"no\" tooltip=\"Hide right column\" aria-label=\"\" class=\"tc-btn-invisible tc-btn-storytwotoggle\">{{$:/_sq/Stories/icons/bars-empty.svg}} </$button>\n\t</$reveal>\n</span>\n<$reveal state=\"$:/config/_sq/Stories/story2\" type=\"match\" text=\"no\" default=\"no\">\n\t<$button set=\"$:/config/_sq/Stories/story2\" setTo=\"yes\" tooltip=\"Show right column\" aria-label=\"\" class=\"tc-btn-invisible tc-btn-storytwotoggle\">{{$:/_sq/Stories/icons/bars.svg}}</$button>\n</$reveal>","bag":"default","revision":"0","type":"text/vnd.tiddlywiki","title":"$:/_sq/Stories/Templates/StoryTogglePageControl","tags":"$:/tags/PageControls","modified":"20200425133303133","description":"Show right column for second story","created":"20170617182141154","caption":"{{$:/_sq/Stories/icons/bars.svg}} Show right column"},{"title":"$:/_sq/Stories/config/Story2-storyview","text":"classic","created":"20200502183010768","modified":"20201231113403988","tags":"$:/giffmex/stroll"},{"title":"$:/_sq/Stories/config/openLinkDivert","type":"text/vnd.tiddlywiki","text":"top","bag":"default","created":"20170629173808777","modified":"20200504143324443","revision":"0"},{"text":"disable","bag":"default","revision":"0","type":"text/vnd.tiddlywiki","title":"$:/_sq/Stories/config/showRiverDropZones","modified":"20200523213957947","created":"20200417170940547"},{"title":"$:/_sq/Stories/config/sidebaroverlaybreakpoint","type":"text/vnd.tiddlywiki","text":"1100px","bag":"default","created":"20170616192704225","modified":"20200808141147261","revision":"0","tags":"$:/giffmex/stroll"},{"text":"\\define icon()\n$:/core/images/storyview-$(storyview)$\n\\end\n<$linkcatcher to=\"$:/_sq/Stories/config/Story2-storyview\">\n<div class=\"tc-chooser\">\n<$list filter=\"[storyviews[]]\" variable=\"storyview\">\n<$set name=\"cls\" filter=\"[<storyview>prefix{$:/_sq/Stories/config/Story2-storyview}]\" value=\"tc-chooser-item tc-chosen\" emptyValue=\"tc-chooser-item\"><div class=<<cls>>>\n<$link to=<<storyview>>>\n<$transclude tiddler=<<icon>>/>\n<$text text=<<storyview>>/>\n</$link>\n</div>\n</$set>\n</$list>\n</div>\n</$linkcatcher>","bag":"default","revision":"0","type":"text/vnd.tiddlywiki","title":"$:/_sq/Stories/config/snippets/viewswitcher","tags":"","modified":"20200416183434009","created":"20200416183108721"},{"text":"50","bag":"default","revision":"0","type":"text/vnd.tiddlywiki","title":"$:/_sq/Stories/config/storyRiverRatio","tags":"","modified":"20200730045328744","created":"20200730040856198"},{"title":"$:/_sq/Stories/config/twostorybreakpoint","type":"text/vnd.tiddlywiki","text":"1100px","bag":"default","created":"20170616192701335","modified":"20200510030446009","revision":"0"},{"text":"\\define divertTiddlerEditButton()\n<$set name=\"original\" value={{!!draft.title}}>\n<$set name=\"otherStoryList\"  filter=\"[enlist{$:/_sq/Stories/StoriesList!!list}] -[<tv-story-list>]\" select=\"0\">\n<$set name=\"otherHistoryList\" filter=\"[enlist{$:/_sq/Stories/HistoriesList!!list}] -[<tv-history-list>]\" select=\"0\">\n\t<$button class=<<tv-config-toolbar-class>> tooltip=\"Divert this tiddler to the other story for viewing\">\n\t\t<$navigator story=<<otherStoryList>> history=<<otherHistoryList>> >\n\t\t\t<$action-navigate $to=<<original>> />\n\t\t</$navigator>\n\t\t<span class=\"sq-button-divert-right sq-button-divert\">{{$:/_sq/Stories/icons/divert-right.svg}}</span><span class=\"sq-button-divert-left sq-button-divert\">{{$:/_sq/Stories/icons/divert-left.svg}}</span>\n\t</$button>\n</$set>\n</$set>\n</$set>\n\\end\n\n<<divertTiddlerEditButton>>","bag":"default","revision":"0","type":"text/vnd.tiddlywiki","title":"$:/_sq/Stories/divertTiddlerEditMacro","tags":"$:/tags/EditToolbar","modified":"20200523202347182","list-before":"$:/core/ui/Buttons/delete","description":"divert right/left","created":"20170616074148780","caption":"{{$:/_sq/Stories/icons/divert-right.svg}}"},{"created":"20170609055347900","text":"\\define divertTiddlerButton()\n<$set name=\"otherStoryList\" filter=\"[enlist{$:/_sq/Stories/StoriesList!!list}] -[<tv-story-list>]\" select=\"0\">\n<$set name=\"otherHistoryList\" filter=\"[enlist{$:/_sq/Stories/HistoriesList!!list}] -[<tv-history-list>]\" select=\"0\">\n\t<$button class=<<tv-config-toolbar-class>> tooltip=\"Divert this tiddler to the other story\">\n\t\t<$navigator story=<<tv-story-list>> history=<<tv-history-list>> >\n\t\t\t<$action-sendmessage $message=\"tm-close-tiddler\" $param=<<currentTiddler>> />\n\t\t</$navigator>\n\t\t<$navigator story=<<otherStoryList>> history=<<otherHistoryList>> >\n\t\t\t<$action-navigate $to=<<currentTiddler>> />\n\t\t</$navigator>\t\n\t\t<span class=\"sq-button-divert-right sq-button-divert\">{{$:/_sq/Stories/icons/divert-right.svg}}</span><span class=\"sq-button-divert-left sq-button-divert\">{{$:/_sq/Stories/icons/divert-left.svg}}</span>\n\t</$button>\n</$set>\n</$set>\n\\end\n\n<<divertTiddlerButton>>\n","bag":"default","revision":"0","type":"text/vnd.tiddlywiki","title":"$:/_sq/Stories/divertTiddlerMacro","tags":"$:/tags/ViewToolbar","modified":"20200806034422564","list-before":"","description":"Divert left/right","caption":"{{$:/_sq/Stories/icons/divert-right.svg}} divert left/right"},{"text":"<svg xmlns=\"http://www.w3.org/2000/svg\" xmlns:xlink=\"http://www.w3.org/1999/xlink\" viewBox=\"0 0 100 100\" version=\"1.1\" x=\"0px\" y=\"0px\" class=\"tc-image-bars-empty tc-image-button\" width=\"40pt\" height=\"40pt\"><title>Single fold</title><desc>Created with Sketch.</desc><g stroke=\"none\" stroke-width=\"1\" fill=\"none\" fill-rule=\"evenodd\"><g stroke=\"#000000\"><rect stroke-width=\"2\" x=\"17\" y=\"17\" width=\"66\" height=\"66\" rx=\"2\"/><path d=\"M50.5,18.5 L50.5,80.789646\" stroke-linecap=\"round\" stroke-dasharray=\"2,3,2,3\"/></g></g></svg>","bag":"default","revision":"0","type":"image/svg+xml","title":"$:/_sq/Stories/icons/bars-empty.svg","tags":"","modified":"20200414145004334","created":"20170617203017607"},{"text":"<svg xmlns=\"http://www.w3.org/2000/svg\" xmlns:xlink=\"http://www.w3.org/1999/xlink\" version=\"1.1\" x=\"0px\" y=\"0px\" viewBox=\"0 0 100 100\" enable-background=\"new 0 0 100 100\" xml:space=\"preserve\" class=\"tc-image-bars tc-image-button\" width=\"20\" height=\"20\" ><path d=\"M41.667,0h-37.5C0,0,0,0,0,4.167v91.667C0,100,0,100,4.167,100h37.5c4.167,0,4.167,0,4.167-4.167V4.167  C45.833,0,45.833,0,41.667,0z M95.833,0h-37.5c-4.167,0-4.167,0-4.167,4.167v91.667c0,4.167,0,4.167,4.167,4.167h37.5  C100,100,100,100,100,95.833V4.167C100,0,100,0,95.833,0z\"/></svg>","bag":"default","revision":"0","type":"text/vnd.tiddlywiki","title":"$:/_sq/Stories/icons/bars.svg","modified":"20200414145004333","created":"20170608202154511"},{"text":"<svg class=\"tc-image-button\"  x=\"0px\" y=\"0px\" width=\"30pt\" height=\"30pt\" viewBox=\"0 0 100 125\" ><path  d=\"M7.197,44.697l27.5-27.5c2.929-2.929,7.678-2.929,10.607,0c2.929,2.929,2.929,7.678,0,10.607L30.607,42.5H70  h0c5.118,0,10.237,1.953,14.142,5.858c7.81,7.81,7.81,20.474,0,28.284c-2.929,2.929-7.678,2.929-10.607,0  c-2.929-2.929-2.929-7.678,0-10.607c1.953-1.953,1.953-5.118,0-7.071C72.559,57.988,71.28,57.5,70,57.5h0v0H30.607l14.697,14.697  c2.929,2.929,2.929,7.678,0,10.607c-2.929,2.929-7.678,2.929-10.607,0L16.036,64.142l-8.839-8.839  C4.268,52.374,4.268,47.626,7.197,44.697z\"/></svg>","bag":"default","revision":"0","type":"text/vnd.tiddlywiki","title":"$:/_sq/Stories/icons/divert-left.svg","modified":"20200414145004330","created":"20170609061834078"},{"text":"<svg class=\"tc-image-button\"  x=\"0px\" y=\"0px\" width=\"30pt\" height=\"30pt\" viewBox=\"0 0 100 125\" ><path d=\"M92.803,44.697l-27.5-27.5c-2.929-2.929-7.678-2.929-10.607,0c-2.929,2.929-2.929,7.678,0,10.607  L69.393,42.5H30h0c-5.118,0-10.237,1.953-14.142,5.858c-7.81,7.81-7.81,20.474,0,28.284c2.929,2.929,7.678,2.929,10.607,0  c2.929-2.929,2.929-7.678,0-10.607c-1.953-1.953-1.953-5.118,0-7.071C27.441,57.988,28.72,57.5,30,57.5h0v0h39.393L54.697,72.197  c-2.929,2.929-2.929,7.678,0,10.607s7.678,2.929,10.607,0l18.661-18.661l8.839-8.839C95.732,52.374,95.732,47.626,92.803,44.697z\"/></svg>","bag":"default","revision":"0","type":"text/vnd.tiddlywiki","title":"$:/_sq/Stories/icons/divert-right.svg","modified":"20200414145004328","created":"20170609061824401"},{"text":"<$action-deletetiddler $tiddler=\"$:/_sq/Stories/Story2HistoryList\"/>","bag":"default","revision":"0","type":"text/vnd.tiddlywiki","title":"$:/_sq/Stories/startup-actions","tags":"$:/tags/StartupAction/Browser","modified":"20200417172054199","created":"20200417171756341"},{"title":"$:/config/_sq/Stories/story2","type":"text/vnd.tiddlywiki","text":"yes","bag":"default","created":"20170615081040584","modified":"20200504143613685","revision":"0"},{"text":"15","bag":"default","revision":"0","type":"text/vnd.tiddlywiki","title":"$:/config/sq/Stories/story2/fontsize-body","tags":"","modified":"20200731104543869","created":"20200731102336058"},{"text":"14","bag":"default","revision":"0","type":"text/vnd.tiddlywiki","title":"$:/config/sq/Stories/story2/fontsize-title","tags":"","modified":"20200731105040270","created":"20200730045554550"},{"title":"$:/config/sq/Stories/storyRiverRatio","type":"text/vnd.tiddlywiki","text":"60","bag":"default","created":"20200730040856198","modified":"20201231113409796","revision":"0","tags":""},{"text":"\\whitespace trim\n\\define lingo-base() $:/language/CloseAll/\n\n\\define drop-actions()\n<$action-listops $tiddler=<<tv-story-list>> $subfilter=\"+[insertbefore:currentTiddler<actionTiddler>]\"/>\n<$action-listops $tiddler=<<_otherStory>> $subfilter=\"-[<actionTiddler>]\"/>\n\\end\n\n\\define placeholder()\n<div class=\"tc-droppable-placeholder\"/>\n\\end\n\n\\define droppable-item(button)\n\\whitespace trim\n<$droppable actions=<<drop-actions>>>\n<<placeholder>>\n<div>\n$button$\n</div>\n</$droppable>\n\\end\n\n\\define open-tiddler-list()\n<div class=\"tc-sidebar-tab-open sq-sidebar-open\">\n<$list filter=\"[list<tv-story-list>]\" history=<<tv-history-list>> storyview=\"pop\">\n<div class=\"tc-sidebar-tab-open-item\">\n<$macrocall $name=\"droppable-item\" button=\"\"\"<$button message=\"tm-close-tiddler\" tooltip={{$:/language/Buttons/Close/Hint}} aria-label={{$:/language/Buttons/Close/Caption}} class=\"tc-btn-invisible tc-btn-mini\">{{$:/core/images/close-button}}</$button>&nbsp;<$link to={{!!title}}><$view field=\"title\"/></$link>\"\"\"/>\n</div>\n</$list>\n<$tiddler tiddler=\"\">\n<div>\n<$macrocall $name=\"droppable-item\" button=\"\"\"<$button message=\"tm-close-all-tiddlers\" class=\"tc-btn-invisible tc-btn-mini\"><<lingo Button>></$button>\"\"\"/>\n</div>\n</$tiddler>\n</div>\n\\end\n\n\n''Left Column''\n<$set name=\"_otherStory\" filter=\"[enlist{$:/_sq/Stories/StoriesList!!list}] -[<tv-story-list>]\" select=\"0\">\n<<open-tiddler-list>>\n</$set>\n<div class=\"sq-twostoriesonly\">\n\n---\n\n''Right Column''\n<$set name=\"_otherStory\" value=<<tv-story-list>> >\n<$set name=\"tv-story-list\"  filter=\"[enlist{$:/_sq/Stories/StoriesList!!list}] -[<tv-story-list>]\" select=\"0\">\n<$set name=\"tv-history-list\"  filter=\"[enlist{$:/_sq/Stories/HistoriesList!!list}] -[<tv-history-list>]\" select=\"0\">\n<$navigator story=<<tv-story-list>>  history=<<tv-history-list>> >\n<<open-tiddler-list>>\n</$navigator>\n</$set>\n</$set>\n</$set>\n\n</div>\n\n---\n\n<$transclude tiddler=\"$:/_sq/Stories/Templates/StoryToggleMenu\"/>","bag":"default","revision":"0","type":"text/vnd.tiddlywiki","title":"$:/core/ui/SideBar/Open","tags":"$:/tags/SideBar","modified":"20200425133519499","created":"20170609174945253","caption":"{{$:/language/SideBar/Open/Caption}}"},{"created":"20200430210052275","text":"Version 1.03\n\n* Fixed bug in view toolbar position caused by extra blank line in $:/_sq/Stories/divertTiddlerMacro\n\nVersion 1.0.2\n\n* Fixed bug where storyRiverRatio was not respected at some resolutions\n\nVersion 1.0.1\n\n* Added support for config tiddlers to customize view and edit templates for second story. These tiddlers override the core config tiddlers if they exist.\n** $:/config/sq/Stories/story2/EditTemplate\n** $:/config/sq/Stories/story2/ViewTemplate\n* Relative width of each story river can now be customized in settings tab for plugin\n** introduced $:/config/sq/Stories/storyRiverRatio and updated Stories.css accordingly\n\nVersion 1.0.0\n\n* 29/07: updated $:/_sq/Stories/EditTiddlerHook to try and fix https://github.com/felixhayashi/TW5-TiddlyMap/issues/357\n* 23/05 : tweaked Stories.css based on personal theme to allow easier adjustment of story width\n* 23/05 : deprecated action-addtohistory widget\n* 23/05 : updated divertTiddlerEditMacro to use navigator widgets\n* 23/05 : updated divertTiddlerMacro to use navigator widgets\n* 30/04 : updated divertTiddlerEditMacro to also update history and avoid issues with zoomin storyview","bag":"default","revision":"0","type":"text/vnd.tiddlywiki","title":"$:/plugins/sq/Stories/changelog","tags":"","modified":"20200806034532118"},{"title":"$:/plugins/sq/Stories/settings","type":"text/vnd.tiddlywiki","text":"\\define switchStoryView(storyview,default)\n<$select tiddler='$storyview$' default='$default$'>\n<option value=\"zoomin\"><$text text='one tiddler only'/></option>\n<option value=\"classic\"><$text text='multiple tiddlers'/></option>\n</$select>\n\\end\n\n|[[Minimum width to show the second story|$:/_sq/Stories/config/twostorybreakpoint]] |<$edit-text tiddler=\"$:/_sq/Stories/config/twostorybreakpoint\" default=\"\" tag=\"input\"/> |\n|[[Minimum width to show non-overlapping sidebar|$:/_sq/Stories/config/sidebaroverlaybreakpoint]] |<$edit-text tiddler=\"$:/_sq/Stories/config/sidebaroverlaybreakpoint\" default=\"\" tag=\"input\"/> |\n|[[Open tiddlers at top or bottom of story when using divert button|$:/_sq/Stories/config/openLinkDivert]] | <$select tiddler=\"$:/_sq/Stories/config/openLinkDivert\" default=\"top\"><option value=\"top\">top</option><option value=\"bottom\">bottom</option></$select>|\n|<$link to=\"$:/_sq/Stories/config/showRiverDropZones\">Show dropzones above each story</$link>|<$checkbox tiddler=\"$:/_sq/Stories/config/showRiverDropZones\" field=\"text\" checked=\"enable\" unchecked=\"disable\" default=\"disable\"></$checkbox>|\n|[[Story view for second story|$:/_sq/Stories/config/Story2-storyview]]:|{{$:/_sq/Stories/config/snippets/viewswitcher}}|\n\n\n\n''Choose how to view tiddlers in each column''\n\nLeft column: <<switchStoryView $:/view zoomin>>\n\nRight column: <<switchStoryView $:/_sq/Stories/config/Story2-storyview classic>>\n\n''Left column to right column width ratio:''\n\n{{$:/config/sq/Stories/storyRiverRatio}} : <$text text={{{[[100]subtract{$:/config/sq/Stories/storyRiverRatio}]}}}/>\n\n<$range tiddler=\"$:/config/sq/Stories/storyRiverRatio\" min=\"20\" max=\"80\" default=\"50\" increment=\"5\"/> \n<!--\n''Right column font-size''\n\nTiddler: {{$:/config/sq/Stories/story2/fontsize-title}}px\n\n<$range tiddler=\"$:/config/sq/Stories/story2/fontsize-title\" min=\"6\" max=\"40\" default=\"14\" increment=\"1\"/> \n\nBody: {{$:/config/sq/Stories/story2/fontsize-body}}px\n\n<$range tiddler=\"$:/config/sq/Stories/story2/fontsize-body\" min=\"6\" max=\"40\" default=\"15\" increment=\"1\"/> \n\n-->","bag":"default","caption":"Two Story Layout","created":"20170616185336118","modified":"20200808140406674","revision":"0","tags":"$:/tags/ControlPanel/Appearance"},{"created":"20200805144843761","title":"$:/themes/tiddlywiki/vanilla/options/sidebarlayout","text":"fluid-fixed","modified":"20220329155315463"}]