[{"created":"20200603211101398","modified":"20200603211101398","title":"$:/plugins/telmiger/details/about","text":"Create HTML 5 `<details>` elements including a `<summary>` using this widget.\n\n<$details summary=\"The details element – W3C definition\">\n\n<<<\nThe [[details|http://w3c.github.io/html/interactive-elements.html#elementdef-details]] element represents a disclosure widget from which the user can obtain additional information or controls.\n<<< W3C\n\n</$details>\n\n<$details summary=\"Code example\" open=\"no\">\n\n```\n<$details summary=\"This should be open\" open=\"yes\">\n\nContent will be immediately visible if open is set to \"yes\".\n\n</$details>\n```\n\n</$details>","tags":""},{"created":"20180925155320737","text":"/* details and summary colours */\n\ndetails {\n   background-color: <<colour sidebar-tab-background-selected>>;\n   color: <<colour sidebar-tab-foreground-selected>>;\n}\n\ndetails summary {\n   background-color: <<colour sidebar-tab-background>>;\n   color: <<colour sidebar-tab-foreground>>;\n}\n\ndetails.notification summary {\n    background-color: <<colour notification-background>>;\n   color: <<colour notification-foreground>>;\n}\n\ndetails.warning summary {\n    background-color: #ffbbaf;\n    color: #000;\n}\n\ndetails.success summary {\n    background-color: #88edc5;\n    color: #000;\n}\n","title":"$:/plugins/telmiger/details/colours.css","tags":"$:/tags/Stylesheet","modifier":"Thomas Elmiger","modified":"20240106124522075","creator":"Thomas Elmiger"},{"text":"/* details and summary */\n\ndetails {\n   transition: height 1s ease;\n   padding: 0 0.5em 0 0.66em;\n   margin-top: 0.66em;\n   margin-bottom: 0.66em;\n}\n\ndetails + details {\n   margin-top: -0.46em;\n}\n\ndetails[open] {\n   padding-bottom: 1em;\n}\n\ndetails:not([open]) { \n   cursor: pointer;\n}\n\ndetails > summary {\n   display: list-item;\n   margin: 0 -0.5em 0 -0.66em;\n   padding: 0.2em 0.5em 0.2em 0.66em;\n   padding-left: 1.76em;  /* adjust for indentation */\n   text-indent: -1.1em;\n   cursor: pointer;\n}\n\ndetails[open] > summary {\n   margin-bottom: 1em;\n}\n\ndetails[open] > *:first-child:not(summary) {\n   margin-top: 1em;\n}\n","title":"$:/plugins/telmiger/details/details.css","tags":"$:/tags/Stylesheet","modifier":"Thomas Elmiger","modified":"20180929131615369","creator":"Thomas Elmiger","created":"20170122140815442"},{"text":"/*\\\ntitle: $:/plugins/telmiger/details/details.js\ntype: application/javascript\nmodule-type: widget\n\nDetails widget v 0.8\n\nWill output an HTML 5 <details> section including a <summary>\n\n```\n\t<details>\n\t\t<summary>This sums it up</summary> \n\t\tAll the details follow here.\n\t</details>\n```\n\n|Parameter |Description |h\n|summary |Optional text to display as summary. Wins over field (see below). |\n|open |Optional initial state, set to \"open\" to show details on load. Defaults to \"\". |\n|state |An optional TextReference containing the state. Wins over open. |\n|field |Optionally, the summary is taken from the field with this name in a given tiddler. Defaults to \"title\". |\n|tiddler |Optional title of a tiddler to watch, connected to field. Defaults to current tiddler. |\n|class |Optional CSS classes to be assigned to the details tag. |\n\n\n\\*/\n(function(){\n\n/*jslint node: true, browser: true */\n/*global $tw: false */\n\"use strict\";\n\nvar Widget = require(\"$:/core/modules/widgets/widget.js\").widget;\n\nvar DetailsWidget = function(parseTreeNode,options) {\n\tthis.initialise(parseTreeNode,options);\n};\n\n/*\nInherit from the base widget class\n*/\nDetailsWidget.prototype = new Widget();\n\n/*\nRender this widget into the DOM\n*/\nDetailsWidget.prototype.render = function(parent,nextSibling) {\n\t// Save the parent dom node\n\tthis.parentDomNode = parent;\n\t// Compute attributes\n\tthis.computeAttributes();\n\t// Execute logic\n\tthis.execute();\n\t// Create elements\n\tthis.detailsDomNode = this.document.createElement(\"details\");\n\tif(this.detailsClass !== \"\") {\n\t\t// this.detailsClass += \" \";\n\t\t// this.detailsClass += \"tc-details\";\n\t\tthis.detailsDomNode.setAttribute(\"class\",this.detailsClass);\n\t}\n\tif(this.detailsOpen == \"open\") {\n\t\tthis.detailsDomNode.setAttribute(\"open\",\"open\");\n\t}\n\tif(this.detailsSummary !== \"\") {\n\t\tthis.summaryDomNode = this.document.createElement(\"summary\");\n\t\t// this.summaryDomNode.setAttribute(\"class\",\"tc-summary\");\n\t\tthis.detailsDomNode.appendChild(this.summaryDomNode);\n\t\tthis.summaryDomNode.appendChild(this.document.createTextNode(this.detailsSummary));\n\t}\n// register an event listener\n/* Maybe this can be reactivated later, see below.\n\tif(this.detailsStateTitle) {\n\t\t$tw.utils.addEventListeners(this.detailsDomNode,[\n\t\t\t{name: \"toggle\", handlerObject: this, handlerMethod: \"handleToggleEvent\"},\n\t\t]);\n\t}\n*/\n// As iOS mobile browsers lack support of toggle events on details \n// we emulate the toggle event using click\n\tif(this.detailsStateTitle && this.summaryDomNode) {\n\t\t$tw.utils.addEventListeners(this.summaryDomNode,[\n\t\t\t{name: \"click\", handlerObject: this, handlerMethod: \"handleToggleEvent\"},\n\t\t]);\n\t} else {\n\t\tif(this.detailsStateTitle) {\n\t\t\t$tw.utils.addEventListeners(this.detailsDomNode,[\n\t\t\t\t{name: \"click\", handlerObject: this, handlerMethod: \"handleToggleEvent\"},\n\t\t\t]);\n\t\t}\n\t}\n\t// Insert the details into the DOM and render any children\n\tthis.parentDomNode.insertBefore(this.detailsDomNode,nextSibling);\n\tthis.renderChildren(this.detailsDomNode,null);\n\tthis.domNodes.push(this.detailsDomNode);\n};\n\n/*\nRetrieve the value of the summary\n*/\nDetailsWidget.prototype.getSummary = function() {\n\tvar summary = \"\";\n\tif(this.summaryTitle === \"Tiddler not found\" && this.summaryField === \"\") {\n\t// nothing defined: leave empty \n\t\tsummary = \"\";\n\t} else {\n\t\t// tiddler defined? use defined field or title\n\t\tif(this.myTiddler) {\n\t\t\tif(this.summaryField === \"title\" || this.summaryField === \"\") {\n\t\t\t\tsummary = this.summaryTitle;\n\t\t\t} else {\n\t\t\t\tif(this.summaryField === \"text\") {\n         \t\t// getTiddlerText() triggers lazy loading of skinny tiddlers\n\t\t\t\t\tsummary = this.wiki.getTiddlerText(this.summaryTitle);\n\t\t\t\t} else {\n\t\t\t\t\tsummary = this.myTiddler.fields[this.summaryField];\n\t\t\t\t}\n\t\t\t}\n\t\t} else {\n\t\t\tif(this.summaryField !== \"\" && this.summaryField !== \"text\") {\n\t\t\t\t// try defined field in current tiddler\n\t\t\t\tvar tiddler = this.wiki.getTiddler(this.getVariable(\"currentTiddler\"));\n\t\t\t\tsummary = tiddler.fields[this.summaryField];\n\t\t\t} else {\n\t\t\t\tsummary = \"\";\n\t\t\t}\n\t\t}\n\t}\n   return summary;\n};\n\n/*\nRetrieve the value of the state text reference\n*/\nDetailsWidget.prototype.getStateFromReference = function() {\n    var state = this.detailsStateTitle ? this.wiki.getTextReference(this.detailsStateTitle,\"\",this.getVariable(\"currentTiddler\")) : \"\";\n    return state;\n};\n\n/*\nCheck all open signals, state fields/tiddlers get priority\n*/\nDetailsWidget.prototype.getOpenState = function() {\n\tvar result = \"\";\n\tif((this.detailsOpenDefault !== \"\" && this.detailsOpenDefault !== \"no\") \n\t    || this.detailsState === \"open\") {\n\t\tresult = \"open\";\n\t } \n\tif(this.detailsStateTitle !==\"\" && this.detailsState !== \"open\") {\n\t\tresult = \"\";\n\t}\n\treturn result;\n};\n\n/*\nUpdate the state text reference after click event\n*/\nDetailsWidget.prototype.updateState = function(openState) {\n\tvar fieldValue = \"false\";\n\tvar currentTiddler = this.getVariable(\"currentTiddler\");\n    // get the title for the (existing/new) tiddler\n\tvar tr = $tw.utils.parseTextReference(this.detailsStateTitle);\n\tvar tidTitle = tr.title || currentTiddler;\n    // is it an existing state tiddler?\n\tvar isStateTiddler = (tr.title === this.detailsStateTitle);\n\tvar hasStateTiddler = this.wiki.tiddlerExists(tr.title);\n\tvar currentStateTiddler = (tr.title === currentTiddler);\n\tif(isStateTiddler || hasStateTiddler || (currentStateTiddler && tr.field !== \"text\")) { \n\t\t// Set the state field (but never overwrite the current tiddler’s text field\n\t\tthis.wiki.setText(tidTitle,tr.field,tr.index,openState);\n\t} else {\n\t\tif(!hasStateTiddler && tidTitle !== currentTiddler) {\n\t\t\tthis.createTiddler(tidTitle);\n\t\t\tthis.wiki.setText(tidTitle,tr.field,tr.index,openState);\n\t\t} else {\n\t\t\tconsole.log (\"Something went wrong in updateState\");\n\t\t}\n\t}\n};\n\n/*\nCreate a tiddler with a title only\n*/\nDetailsWidget.prototype.createTiddler = function(tidTitle) {\n\tthis.wiki.addTiddler(new $tw.Tiddler(\n\t\tthis.wiki.getCreationFields(),\n\t\tthis.wiki.getModificationFields(),\n\t\t{\n\t\t\ttitle: tidTitle,\n\t\t\ttags: []\n\t\t}\n\t));\n};\n\n/*\nSet openState according to click\n*/\nDetailsWidget.prototype.handleToggleEvent = function(event) {\n\t// check if an open attribute is present\n\tvar newState = this.detailsDomNode.open ? \"\" : \"open\";\n\t// update only, if the node has a new state\n\tif(newState !== this.detailsState) {\n\t\tthis.updateState(newState);\n\t}\n};\n\n/*\nCompute the internal state of the widget\n*/\nDetailsWidget.prototype.execute = function() {\n\t// Get the parameters from the attributes \n\tvar tryTiddler = this.getAttribute(\"tiddler\");\n\tthis.myTiddler = this.wiki.getTiddler(tryTiddler);\n\tthis.summaryTitle = this.myTiddler ? tryTiddler : \"Tiddler not found\";\n\tthis.summaryField = this.getAttribute(\"field\",\"\");\n\tthis.detailsSummary = this.getAttribute(\"summary\") || this.getSummary();\n\tthis.detailsStateTitle = this.getAttribute(\"state\",\"\");\n\tthis.detailsState = this.getStateFromReference();\n\tthis.detailsOpenDefault = this.getAttribute(\"open\",\"\");\n\tthis.detailsOpen = this.getOpenState();\n\tthis.detailsClass = this.getAttribute(\"class\",\"\");\n\t// Construct the child widgets\n\tthis.makeChildWidgets();\n};\n\n/*\nSelectively refreshes the widget if needed. Returns true if the widget or any of its children needed re-rendering\n*/\nDetailsWidget.prototype.refresh = function(changedTiddlers) {\n\tvar changedAttributes = this.computeAttributes();\n\tif(changedAttributes.tiddler || changedAttributes.field || changedAttributes.summary || changedAttributes.state || changedAttributes.open || changedAttributes[\"class\"]) {\n\t\tthis.refreshSelf();\n\t\treturn true;\n\t} else {\n\t\tvar refreshed = false;\n\t\tvar testState = this.getStateFromReference();\n\t\tif(testState !== this.detailsState) {\n\t\t\t// state change\n\t\t\tthis.refreshSelf();\n\t\t\trefreshed = true;\n\t\t} \n\t\treturn this.refreshChildren(changedTiddlers) || refreshed;\n\t}\n};\n\nexports.details = DetailsWidget;\n\n})();","type":"application/javascript","title":"$:/plugins/telmiger/details/details.js","tags":"Plugins","module-type":"widget","modifier":"Thomas Elmiger","modified":"20180929212032187","creator":"Thomas Elmiger","created":"20170124173619910"},{"created":"20240101144054993","text":"''Change Log''\n\n* ''0.8.0'' -- 2024-01-01 -- Colours update\n** more robust color definitions (use sidebar tab colours)\n\n* ''0.7.7'' -- 2024-01-01 -- Icon update\n** History added\n* ''0.7.6'' -- 2022-04-27 -- (?)\n* ''0.7.5'' -- 2020-06-04 -- (?)\n* ''0.7.4'' -- 2018-09-25 -- (?)\n\n","creator":"Thomas Elmiger","title":"$:/plugins/telmiger/details/history","modified":"20240106124706542","tags":"","type":"text/vnd.tiddlywiki","modifier":"Thomas Elmiger"},{"created":"20170205205314072","text":"<svg class=\"tc-image-button telmiger-icon\" viewBox=\"0 0 128 128\" xmlns=\"http://www.w3.org/2000/svg\" width=\"22pt\" height=\"22pt\">\n  <path fill=\"#e2001a\" d=\"M64 2a62 62 0 1 0 0 124A62 62 0 0 0 64 2z\"/>\n  <path transform=\"rotate(270,68,58)\" fill=\"#fff\" d=\"M100.4 63.3a26 26 0 0 1-14 2.8h-8c-4.2 0-7.3.9-9.2 2.6-2 1.7-3.5 5-4.6 10.2 0 0-.2 1.4-.5 1.4s-.4-.8-.5-1.5a37.9 37.9 0 0 0-.7-2.8c-.7-2.1-1.3-3.7-2-4.8a10 10 0 0 0-2.8-3.3 8.3 8.3 0 0 0-4-1.5L52 66H41.7c-6.1 0-10.7-1-13.7-2.8-5-3.2-7.6-9.2-8-18l.1-2.1h.6c.4 4 3.7 7 6.1 9.2 2.4 2.2 6.3 3.2 11.6 3.2h9.3c5.4 0 9.3 1.3 11.7 3.7a18 18 0 0 1 4.4 10.4c.1.5 0 .8.2.8s.1-.3.2-.8c.7-6.1 3-10.2 7.1-12.3 2.5-1.3 6.4-2 11.9-1.9l6.3.1c4.3.1 8-.7 11-2.5 2.9-1.8 6.4-5 6.8-10h.5c.2.6.2 1.6.2 2.4-.4 8.8-3 14.7-7.6 17.8z\"/>\n</svg>","title":"$:/plugins/telmiger/details/icon","tags":"","modified":"20240101145348360"},{"created":"20170205213335455","text":"`The Details Plugin is published under the MIT License.`\n\n!! Details\n\nThe content of $:/plugins/telmiger/details is<br>\nCopyright (c) 2017–2024 by Thomas Elmiger <br>\nhttps://thomas-elmiger.ch\n\n!! The MIT License (MIT)\n\n\n\n<<<\nPermission is hereby granted, free of charge, to any person obtaining a copy of this software and associated documentation files (the “Software”), to deal in the Software without restriction, including without limitation the rights to use, copy, modify, merge, publish, distribute, sublicense, and/or sell copies of the Software, and to permit persons to whom the Software is furnished to do so, subject to the following conditions:\n\nThe above copyright notice and this permission notice shall be included in all copies or substantial portions of the Software.\n\nTHE SOFTWARE IS PROVIDED “AS IS”, WITHOUT WARRANTY OF ANY KIND, EXPRESS OR IMPLIED, INCLUDING BUT NOT LIMITED TO THE WARRANTIES OF MERCHANTABILITY, FITNESS FOR A PARTICULAR PURPOSE AND NONINFRINGEMENT. IN NO EVENT SHALL THE AUTHORS OR COPYRIGHT HOLDERS BE LIABLE FOR ANY CLAIM, DAMAGES OR OTHER LIABILITY, WHETHER IN AN ACTION OF CONTRACT, TORT OR OTHERWISE, ARISING FROM, OUT OF OR IN CONNECTION WITH THE SOFTWARE OR THE USE OR OTHER DEALINGS IN THE SOFTWARE.\n<<<","title":"$:/plugins/telmiger/details/license","tags":"","modified":"20240101150231605"},{"created":"20170205212323032","text":"! ~DetailsWidget\n\n{{$:/plugins/telmiger/details/about}}\n\nDocumentation can be found at http://tid.li/tw5/plugins.html#DetailsWidget\n\n\n!! History\n\n{{$:/plugins/telmiger/details/history}}","title":"$:/plugins/telmiger/details/readme","tags":"","modified":"20240101144915074"},{"created":"20200603204816640","text":"{{$:/plugins/telmiger/support}}","title":"$:/plugins/telmiger/details/support","tags":"","modified":"20220425065858878"},{"created":"20181103150753927","text":"!! Support the Author\n\n''Hi!'' I’m Thomas, the author of [[tid.li/tw5/plugins.html|https://tid.li/tw5/plugins.html]]. Feedback is always welcome, as well as funding for maintenance, support and new projects :)\n\n---\n\n!!! One Time Support\n\nIf using my plugins just makes you happy, consider a one time payment via ~PayPal to reward the effort:\n\nhttps://www.paypal.me/telmiger\n\n---\n\n!!! Permanent Support\n\nIf my tools make you more productive or save you time in your job or your everyday life, you can support me as a Patron: \n\nhttps://www.patreon.com/telmiger\n\n---\n\n!!! Thank You\n\nSubstantial parts of my availabe time go to the deveopment of useful plugins for [[TiddlyWiki|https://tiddlywiki.com/]]. – Many others do the same and I would like to thank them all, especially [[Jeremy Ruston|https://tiddlywiki.com/#JeremyRuston]] and all the active members of the community!\n\n//Hereby I promise to share future revenues (if any) with other developers who’s works I use or who inspired me.//\n\nIf you like my work, I would be very happy to hear from you.\n\n''Thank you very much for your support!''<br>\n//Thomas//\n\nhttps://thomas-elmiger.ch","title":"$:/plugins/telmiger/support","tags":"","modifier":"Thomas Elmiger","modified":"20240101143452135","creator":"Thomas Elmiger"}]