[{"created":"20181104150615521","title":"$:/config/ShortcutInfo/list-bullet2","modified":"20181104181655395","text":"{{$:/language/Buttons/ListBullet2/Hint}}"},{"created":"20181104150902532","title":"$:/config/shortcuts/list-bullet2","modified":"20181104181848706","text":"ctrl-shift-K"},{"created":"20181031110533939","creator":"TonGerner","text":"<svg class=\"tgc-image-list-bullet2 tc-image-button\" width=\"22pt\" height=\"22pt\" viewBox=\"0 0 128 128\">\n  <circle stroke=\"#000000\" id=\"svg_1\" r=\"11.54915\" cy=\"28.32446\" cx=\"11.53516\" stroke-width=\"0\"/>\n  <rect stroke=\"#000000\" id=\"svg_7\" height=\"11.5686\" width=\"60.45337\" y=\"22.54016\" x=\"67.24244\" stroke-linecap=\"null\" stroke-linejoin=\"null\" stroke-dasharray=\"null\" stroke-width=\"0\"/>\n  <circle id=\"svg_11\" stroke=\"#000000\" r=\"11.54915\" cy=\"63.14893\" cx=\"11.53516\" stroke-width=\"0\"/>\n  <circle id=\"svg_12\" stroke=\"#000000\" r=\"11.54915\" cy=\"98.03272\" cx=\"11.53516\" stroke-width=\"0\"/>\n  <circle id=\"svg_13\" stroke=\"#000000\" r=\"11.54915\" cy=\"28.32446\" cx=\"44.2832\" stroke-width=\"0\"/>\n  <circle id=\"svg_14\" stroke=\"#000000\" r=\"11.54915\" cy=\"63.14893\" cx=\"44.2832\" stroke-width=\"0\"/>\n  <circle id=\"svg_15\" stroke=\"#000000\" r=\"11.54915\" cy=\"98.03272\" cx=\"44.2832\" stroke-width=\"0\"/>\n  <rect id=\"svg_16\" stroke=\"#000000\" height=\"11.5686\" width=\"60.45337\" y=\"57.36463\" x=\"67.24244\" stroke-linecap=\"null\" stroke-linejoin=\"null\" stroke-dasharray=\"null\" stroke-width=\"0\"/>\n  <rect id=\"svg_17\" stroke=\"#000000\" height=\"11.5686\" width=\"60.45337\" y=\"92.24841\" x=\"67.24244\" stroke-linecap=\"null\" stroke-linejoin=\"null\" stroke-dasharray=\"null\" stroke-width=\"0\"/>\n</svg>","title":"$:/core/images/list-bullet2","tags":"$:/tags/Image","modifier":"TonGerner","modified":"20230807182525646"},{"created":"20181104141902252","text":"<$action-sendmessage\n\t$message=\"tm-edit-text-operation\"\n\t$param=\"prefix-lines\"\n\tcharacter=\"*\"\n\tcount=\"2\"\n/>\n","title":"$:/core/ui/EditorToolbar/list-bullet2","tags":"$:/tags/EditorToolbar","icon":"$:/core/images/list-bullet2","caption":"{{$:/language/Buttons/ListBullet2/Caption}}","description":"{{$:/language/Buttons/ListBullet2/Hint}}","condition":"[<targetTiddler>!has[type]] [<targetTiddler>type[text/vnd.tiddlywiki]]","shortcuts":"((list-bullet2))","modified":"20181104181333340"},{"created":"20181104150440517","title":"$:/language/Buttons/ListBullet2/Caption","modified":"20181104181129740","text":"2nd level bulleted list"},{"created":"20181104150525887","title":"$:/language/Buttons/ListBullet2/Hint","modified":"20181104181205789","text":"Apply 2nd level bulleted list formatting to lines containing selection"},{"created":"20210103202953779","creator":"TonGerner","text":"[[2nd level bulleted list button|http://www.tongerner.nl/TW5/TW5_playground.html]] &copy; Ton Gerner &mdash; 2018-2023\n\nMIT License: https://opensource.org/licenses/MIT","title":"$:/plugins/tg/list-bullet2-button/license","tags":"","modifier":"TonGerner","modified":"20221229084801994"},{"created":"20181104144041084","creator":"TonGerner","text":"\\define icn(icon)\n<button class=\"tc-btn-invisible\"> {{$icon$}}</button>\n\\end\n\nA button (<<icn $:/core/images/list-bullet2>>) that applies 2nd level bulleted list formatting to lines containing selection.<br>\nAssigned shortcut: {{$:/config/shortcuts/list-bullet2}}\n\nYou can apply 2nd level bulleted list formating to\n\n* plain text\n* bulleted lists\n","title":"$:/plugins/tg/list-bullet2-button/readme","tags":"","modifier":"TonGerner","modified":"20210104173241260"}]