[{"created":"20181104202104518","title":"$:/config/ShortcutInfo/chars","modified":"20181104202112852","text":"{{$:/language/Buttons/Chars/Hint}}"},{"text":"Ctrl+7","title":"$:/config/shortcuts/chars","modified":"20181106100605866","created":"20181104202146007"},{"created":"20181104190410338","title":"$:/core/images/chars","modified":"20181203201010619","text":"<svg class=\"tgc-chars tc-image-button\" height=\"22pt\" width=\"22pt\" viewBox=\"0 0 232 166\">\n<path d=\"m221.199764,145.478913c-27.178,1.942 -33.245,-11.405 -38.583,-26.935c-3.864,-11.24 -8.25,-25.3977 -10.224,-32.2197c12.491,-19.179 26.968,-42.207 48.524,-76.2502c0,0 -40.333,0 -40.333,0c-7.171,11.2442 -14.254,22.6292 -21.264,33.7662c-2.002,-5.605 -4.759,-11.641 -7.964,-16.771c-9.282,-14.3809 -23.88,-24.2813 -45.636,-22.9493c-28.76,1.7618 -50.485,15.544 -68.021,33.0793c-16.079,16.079 -31.7631,39.561 -33.5463,66.1597c-2.3877,35.606 23.6243,56.001 53.1133,58.237c23.304,1.769 40.755,-4.426 55.443,-12.113c9.971,-5.217 31.185,-22.894 37.534,-30.775c4.712,21.849 16.872,42.787 44.264,42.787c16.977,0 27.73,-9.319 33.512,-16.522c-2.076,0.16 -4.332,0.328 -6.819,0.506zm-130.854,-13.234c-6.291,4.558 -14.359,9.4 -22.83,10.716c-21.063,3.27 -30.352,-13.083 -28.886,-34.944c1.144,-17.0677 7.915,-32.8807 15.841,-46.5907c8.123,-14.052 17.608,-26.504 28.421,-34.01c3.861,-2.682 9.66,-5.877 17.704,-6.523c19.358,-1.5545 26.482,19.389 31.407,36.939c2.3,8.237 3.849,16.615 4.596,21.021c-5.52,8.103 -22.655,36.2937 -46.253,53.3917z\"/>\n</svg>","tags":"$:/tags/Image"},{"created":"20181104183128736","text":"","title":"$:/core/ui/EditorToolbar/chars","shortcuts":"((chars))","modified":"20181106112437524","icon":"$:/core/images/chars","dropdown":"$:/core/ui/EditorToolbar/chars-dropdown","description":"{{$:/language/Buttons/Chars/Hint}}","condition":"[<targetTiddler>type[]] [<targetTiddler>get[type]prefix[text/]] +[first[]]","caption":"{{$:/language/Buttons/Chars/Caption}}","tags":"$:/tags/EditorToolbar"},{"created":"20181104183704616","title":"$:/core/ui/EditorToolbar/chars-dropdown","text":"\\define toolbar-button-chars-inner()\n<$button tag=\"a\">\n\n<$action-sendmessage\n\t$message=\"tm-edit-text-operation\"\n\t$param=\"replace-selection\"\n\ttext={{$(snippetTitle)$}}\n/>\n\n<$action-deletetiddler\n\t$tiddler=<<dropdown-state>>\n/>\n\n<$view tiddler=<<snippetTitle>> field=\"caption\" mode=\"inline\">\n\n<$view tiddler=<<snippetTitle>> field=\"title\" mode=\"inline\"/>\n\n</$view>\n\n</$button>\n\\end\n\n<$list filter=\"[all[shadows+tiddlers]tag[$:/tags/TextEditor/Chars]!has[draft.of]sort[caption]]\" variable=\"snippetTitle\">\n\n<<toolbar-button-chars-inner>>\n\n</$list>\n\n----\n\n<$button tag=\"a\">\n\n<$action-sendmessage\n\t$message=\"tm-new-tiddler\"\n\ttags=\"$:/tags/TextEditor/Chars\"\n\tcaption={{$:/language/Buttons/Chars/New/Title}}\n\ttext={{$:/language/Buttons/Chars/New/Text}}\n/>\n\n<$action-deletetiddler\n\t$tiddler=<<dropdown-state>>\n/>\n\n<em>\n\n<$text text={{$:/language/Buttons/Chars/Caption/New}}/>\n\n</em>\n\n</$button>\n","modified":"20181104201027388"},{"text":"character","title":"$:/language/Buttons/Chars/Caption","modified":"20181107164204977","created":"20181104190924014"},{"text":"Add your own","title":"$:/language/Buttons/Chars/Caption/New","modified":"20181107162632178","created":"20181107162630202"},{"created":"20181104190939253","title":"$:/language/Buttons/Chars/Hint","modified":"20181106165158698","text":"Insert special character"},{"created":"20181107162854101","creator":"TonGerner","text":"\n* Add a character in this text field:\n** e.g. as character (`↔`),  in hex (`&#x2194;`), or dec (`&#8596;`)\n* Add a descriptive title in the caption field of this tiddler, e.g. 'Left right arrow ↔'\n* Add a appropriate title to this tiddler\n* Save this tiddler\n** Remove this help text before saving!","title":"$:/language/Buttons/Chars/New/Text","modifier":"TonGerner","modified":"20221229105541757"},{"text":"Name as shown in menu","title":"$:/language/Buttons/Chars/New/Title","modified":"20181107162703576","created":"20181107162701113"},{"created":"20181104184403595","title":"$:/language/Chars/alpha","modified":"20181106113700098","text":"α","caption":"Alpha α","tags":"$:/tags/TextEditor/Chars"},{"created":"20181104184424402","title":"$:/language/Chars/beta","modified":"20181106113647215","text":"ß","caption":"Beta ß","tags":"$:/tags/TextEditor/Chars"},{"created":"20181104184304843","title":"$:/language/Chars/checkmark","modified":"20181106113620647","text":"√","caption":"Checkmark √","tags":"$:/tags/TextEditor/Chars"},{"created":"20181104184337023","title":"$:/language/Chars/chevron","modified":"20181106113256354","text":"»","caption":"Chevron right »","tags":"$:/tags/TextEditor/Chars"},{"title":"$:/language/Chars/copyright","text":"&copy;","caption":"Copyright ©","created":"20191013141520628","modified":"20191013142013696","tags":"$:/tags/TextEditor/Chars"},{"created":"20181106110936423","text":"°","title":"$:/language/Chars/degree","tags":"$:/tags/TextEditor/Chars","modified":"20181106113517515","caption":"Degree °"},{"created":"20181106111416700","text":"…","title":"$:/language/Chars/ellipsis","tags":"$:/tags/TextEditor/Chars","modified":"20181106113236443","caption":"Ellipsis …"},{"created":"20181104184533462","title":"$:/language/Chars/equivalent","modified":"20181106113604080","text":"≡","caption":"Equivalent ≡","tags":"$:/tags/TextEditor/Chars"},{"title":"$:/language/Chars/infinity","text":"∞","caption":"Infinity ∞","created":"20181108203349998","modified":"20181108203424742","tags":"$:/tags/TextEditor/Chars"},{"created":"20181106111534777","text":"—","title":"$:/language/Chars/mdash","tags":"$:/tags/TextEditor/Chars","modified":"20181106113432489","caption":"Mdash —"},{"created":"20181104184447523","title":"$:/language/Chars/mu","modified":"20181106113634385","text":"μ","caption":"Mu μ","tags":"$:/tags/TextEditor/Chars"},{"created":"20181106111507838","text":"–","title":"$:/language/Chars/ndash","tags":"$:/tags/TextEditor/Chars","modified":"20181106113455748","caption":"Ndash –"},{"created":"20181104184337023","creator":"TonGerner","text":"&#x2260;","title":"$:/language/Chars/not-equal","modified":"20221229105257910","caption":"Not equal ≠","tags":"$:/tags/TextEditor/Chars","modifier":"TonGerner"},{"created":"20181106111059219","text":"†","title":"$:/language/Chars/obelisk","tags":"$:/tags/TextEditor/Chars","modified":"20181106113400637","caption":"Obelisk †"},{"title":"$:/language/Chars/registered-trademark","text":"&reg;","caption":"Registered trademark ®","created":"20191013141614406","modified":"20191013142158621","tags":"$:/tags/TextEditor/Chars"},{"created":"20181106111135551","text":"\t","title":"$:/language/Chars/tab","tags":"$:/tags/TextEditor/Chars","modified":"20181106113342520","caption":"Tab \t"},{"title":"$:/language/Chars/trademark","text":"&trade;","caption":"Trademark ™","created":"20191013142338426","modified":"20191013142706748","tags":"$:/tags/TextEditor/Chars"},{"created":"20210103203709955","creator":"TonGerner","text":"[[Characters button|http://www.tongerner.nl/TW5/TW5_playground.html]] &copy; Ton Gerner &mdash; 2018-2023\n\nMIT License: https://opensource.org/licenses/MIT","title":"$:/plugins/tg/chars-button/license","tags":"","modifier":"TonGerner","modified":"20221229110300169"},{"created":"20181104201802562","creator":"TonGerner","text":"\\define icn(icon)\n<button class=\"tc-btn-invisible\"> {{$icon$}}</button>\n\\end\n\nA button (<<icn $:/core/images/chars>>) for inserting special characters.<br>\nAssigned shortcut: {{$:/config/shortcuts/chars}}\n\n* You can add new entries via 'Add your own' in the dropdown menu\n* You can remove non-used characters from the list by deleting the tag <<tag $:/tags/TextEditor/Chars>> from  the character to be removed (click the tag to select the character)\n","title":"$:/plugins/tg/chars-button/readme","modifier":"TonGerner","modified":"20221229110248600"}]