[{"created":"20170519145550948","text":"{{$:/language/Buttons/PrettyLink/Hint}}","title":"$:/config/ShortcutInfo/prettylink","tags":"","modified":"20170519153121291"},{"text":"ctrl+shift+A","title":"$:/config/shortcuts/prettylink","tags":"","modified":"20170609130314790","created":"20170519145625785"},{"created":"20160309031133028","text":"<svg class=\"tgc-prettylink tc-image-button\" width=\"22\" height=\"22\" viewBox=\"0 0 1000 1000\">\n<path d=\"M2.107 512.374v311.47h121.08v-48.82h-58.58v-525.3h58.58v-48.82H2.107v311.47zM176.793 512.374v311.47h121.08v-48.82h-58.58v-525.3h58.58v-48.82h-121.08v311.47zM834.761 512.991l1.598-311.466-60.54-.31-60.539-.31-.125 24.41-.125 24.409 29.29.15 29.29.15-1.348 262.647-1.347 262.646-29.29-.15-29.289-.15-.125 24.41-.125 24.41 60.539.31 60.54.31 1.596-311.466zM998.317 512.991l1.597-311.466-60.539-.31-60.54-.31-.124 24.409-.125 24.41 29.29.15 29.289.15-1.347 262.647-1.347 262.646-29.29-.15-29.29-.15-.124 24.41-.126 24.41 60.54.31 60.539.31 1.597-311.466zM409.333 201.333h61.333V824h-61.333z\"/><circle r=\"37.357\" cy=\"518.667\" cx=\"322.667\"/><circle r=\"37.357\" cy=\"518.667\" cx=\"556\"/><circle r=\"37.357\" cy=\"518.667\" cx=\"681.333\"/></svg>","title":"$:/core/images/prettylink","tags":"$:/tags/Image","modifier":"TonGerner","modified":"20181130140615869","creator":"TonGerner"},{"title":"$:/core/ui/EditorToolbar/prettylink","caption":"{{$:/language/Buttons/PrettyLink/Caption}}","condition":"[<targetTiddler>!has[type]] [<targetTiddler>type[text/vnd.tiddlywiki]]","created":"20160309031656272","description":"{{$:/language/Buttons/PrettyLink/Hint}}","icon":"$:/core/images/prettylink","modified":"20171030131328870","shortcuts":"((prettylink))","tags":"$:/tags/EditorToolbar","text":"<$action-sendmessage\n\t$message=\"tm-edit-text-operation\"\n\t$param=\"wrap-selection\"\n\tprefix=\"[[\"\n\tsuffix=\"|]]\"\n/>"},{"created":"20160407022227381","text":"pretty link","creator":"TonGerner","modified":"20170410193443253","modifier":"TonGerner","tags":"ske","title":"$:/language/Buttons/PrettyLink/Caption"},{"created":"20150129182918006","text":"Apply a pretty link to selection","creator":"TonGerner","modified":"20170410193356098","modifier":"TonGerner","tags":"ske","title":"$:/language/Buttons/PrettyLink/Hint"},{"created":"20210104201015287","creator":"TonGerner","text":"[[Pretty link button|http://www.tongerner.nl/TW5/TW5_playground.html]] &copy; Ton Gerner &mdash; 2018-2023\n\nMIT License: https://opensource.org/licenses/MIT\n","tags":"","title":"$:/plugins/tg/prettylink-button/license","modified":"20221229153843540","modifier":"TonGerner"},{"created":"20170519144910845","creator":"TonGerner","text":"\\define icn(icon)\n<button class=\"tc-btn-invisible\"> {{$icon$}}</button>\n\\end\n\nA button (<<icn $:/core/images/prettylink>>) that applies a 'pretty link'  to the selected text 'abc' (`[[link|abc]]`)<br>\nAssigned shortcut: {{$:/config/shortcuts/prettylink}}","title":"$:/plugins/tg/prettylink-button/readme","tags":"","modifier":"TonGerner","modified":"20221229153829513"}]